ticker,fiscal_year,statement,metric,value,concept,period_end,filed_date,accn
FORM,2016,BS,accounts_receivable,70225000.0,AccountsReceivableNetCurrent,2016-12-31,2018-02-27,0001039399-18-000014
FORM,2017,BS,accounts_receivable,81515000.0,AccountsReceivableNetCurrent,2017-12-30,2019-02-26,0001039399-19-000010
FORM,2018,BS,accounts_receivable,95333000.0,AccountsReceivableNetCurrent,2018-12-29,2020-02-21,0001039399-20-000011
FORM,2019,BS,accounts_receivable,97868000.0,AccountsReceivableNetCurrent,2019-12-28,2021-02-22,0001039399-21-000009
FORM,2020,BS,accounts_receivable,107603000.0,AccountsReceivableNetCurrent,2020-12-26,2022-02-18,0001039399-22-000014
FORM,2021,BS,accounts_receivable,115541000.0,AccountsReceivableNetCurrent,2021-12-25,2023-02-24,0001039399-23-000010
FORM,2022,BS,accounts_receivable,88143000.0,AccountsReceivableNetCurrent,2022-12-31,2024-02-23,0001039399-24-000007
FORM,2023,BS,accounts_receivable,102957000.0,AccountsReceivableNetCurrent,2023-12-30,2025-02-21,0001039399-25-000023
FORM,2024,BS,accounts_receivable,104294000.0,AccountsReceivableNetCurrent,2024-12-28,2026-02-20,0001039399-26-000009
FORM,2025,BS,accounts_receivable,125416000.0,AccountsReceivableNetCurrent,2025-12-27,2026-02-20,0001039399-26-000009
FORM,2016,BS,cash,101408000.0,CashAndCashEquivalentsAtCarryingValue,2016-12-31,2019-02-26,0001039399-19-000010
FORM,2017,BS,cash,91184000.0,CashAndCashEquivalentsAtCarryingValue,2017-12-30,2019-02-26,0001039399-19-000010
FORM,2018,BS,cash,98472000.0,CashAndCashEquivalentsAtCarryingValue,2018-12-29,2021-02-22,0001039399-21-000009
FORM,2019,BS,cash,144545000.0,CashAndCashEquivalentsAtCarryingValue,2019-12-28,2022-02-18,0001039399-22-000014
FORM,2020,BS,cash,187225000.0,CashAndCashEquivalentsAtCarryingValue,2020-12-26,2023-02-24,0001039399-23-000010
FORM,2021,BS,cash,151010000.0,CashAndCashEquivalentsAtCarryingValue,2021-12-25,2024-02-23,0001039399-24-000007
FORM,2022,BS,cash,109130000.0,CashAndCashEquivalentsAtCarryingValue,2022-12-31,2025-02-21,0001039399-25-000023
FORM,2023,BS,cash,177812000.0,CashAndCashEquivalentsAtCarryingValue,2023-12-30,2026-02-20,0001039399-26-000009
FORM,2024,BS,cash,190728000.0,CashAndCashEquivalentsAtCarryingValue,2024-12-28,2026-02-20,0001039399-26-000009
FORM,2025,BS,cash,103330000.0,CashAndCashEquivalentsAtCarryingValue,2025-12-27,2026-02-20,0001039399-26-000009
FORM,2016,BS,current_assets,254709000.0,AssetsCurrent,2016-12-31,2018-02-27,0001039399-18-000014
FORM,2017,BS,current_assets,305854000.0,AssetsCurrent,2017-12-30,2019-02-26,0001039399-19-000010
FORM,2018,BS,current_assets,337820000.0,AssetsCurrent,2018-12-29,2020-02-21,0001039399-20-000011
FORM,2019,BS,current_assets,419043000.0,AssetsCurrent,2019-12-28,2021-02-22,0001039399-21-000009
FORM,2020,BS,current_assets,487074000.0,AssetsCurrent,2020-12-26,2022-02-18,0001039399-22-000014
FORM,2021,BS,current_assets,524039000.0,AssetsCurrent,2021-12-25,2023-02-24,0001039399-23-000010
FORM,2022,BS,current_assets,474552000.0,AssetsCurrent,2022-12-31,2024-02-23,0001039399-24-000007
FORM,2023,BS,current_assets,573780000.0,AssetsCurrent,2023-12-30,2025-02-21,0001039399-25-000023
FORM,2024,BS,current_assets,605128000.0,AssetsCurrent,2024-12-28,2026-02-20,0001039399-26-000009
FORM,2025,BS,current_assets,557054000.0,AssetsCurrent,2025-12-27,2026-02-20,0001039399-26-000009
FORM,2016,BS,current_liabilities,82707000.0,LiabilitiesCurrent,2016-12-31,2018-02-27,0001039399-18-000014
FORM,2017,BS,current_liabilities,92161000.0,LiabilitiesCurrent,2017-12-30,2019-02-26,0001039399-19-000010
FORM,2018,BS,current_liabilities,102518000.0,LiabilitiesCurrent,2018-12-29,2020-02-21,0001039399-20-000011
FORM,2019,BS,current_liabilities,136560000.0,LiabilitiesCurrent,2019-12-28,2021-02-22,0001039399-21-000009
FORM,2020,BS,current_liabilities,154571000.0,LiabilitiesCurrent,2020-12-26,2022-02-18,0001039399-22-000014
FORM,2021,BS,current_liabilities,148754000.0,LiabilitiesCurrent,2021-12-25,2023-02-24,0001039399-23-000010
FORM,2022,BS,current_liabilities,149667000.0,LiabilitiesCurrent,2022-12-31,2024-02-23,0001039399-24-000007
FORM,2023,BS,current_liabilities,131095000.0,LiabilitiesCurrent,2023-12-30,2025-02-21,0001039399-25-000023
FORM,2024,BS,current_liabilities,131345000.0,LiabilitiesCurrent,2024-12-28,2026-02-20,0001039399-26-000009
FORM,2025,BS,current_liabilities,123861000.0,LiabilitiesCurrent,2025-12-27,2026-02-20,0001039399-26-000009
FORM,2016,BS,goodwill,188010000.0,Goodwill,2016-12-31,2020-02-21,0001039399-20-000011
FORM,2017,BS,goodwill,189920000.0,Goodwill,2017-12-30,2021-02-22,0001039399-21-000009
FORM,2018,BS,goodwill,189214000.0,Goodwill,2018-12-29,2021-02-22,0001039399-21-000009
FORM,2019,BS,goodwill,199196000.0,Goodwill,2019-12-28,2022-02-18,0001039399-22-000014
FORM,2020,BS,goodwill,212761000.0,Goodwill,2020-12-26,2023-02-24,0001039399-23-000010
FORM,2021,BS,goodwill,212299000.0,Goodwill,2021-12-25,2024-02-23,0001039399-24-000007
FORM,2022,BS,goodwill,211444000.0,Goodwill,2022-12-31,2025-02-21,0001039399-25-000023
FORM,2023,BS,goodwill,201090000.0,Goodwill,2023-12-30,2026-02-20,0001039399-26-000009
FORM,2024,BS,goodwill,199171000.0,Goodwill,2024-12-28,2026-02-20,0001039399-26-000009
FORM,2025,BS,goodwill,216029000.0,Goodwill,2025-12-27,2026-02-20,0001039399-26-000009
FORM,2016,BS,inventory,59806000.0,InventoryNet,2016-12-31,2018-02-27,0001039399-18-000014
FORM,2017,BS,inventory,67848000.0,InventoryNet,2017-12-30,2019-02-26,0001039399-19-000010
FORM,2018,BS,inventory,77706000.0,InventoryNet,2018-12-29,2020-02-21,0001039399-20-000011
FORM,2019,BS,inventory,83258000.0,InventoryNet,2019-12-28,2021-02-22,0001039399-21-000009
FORM,2020,BS,inventory,99229000.0,InventoryNet,2020-12-26,2022-02-18,0001039399-22-000014
FORM,2021,BS,inventory,111548000.0,InventoryNet,2021-12-25,2023-02-24,0001039399-23-000010
FORM,2022,BS,inventory,123157000.0,InventoryNet,2022-12-31,2024-02-23,0001039399-24-000007
FORM,2023,BS,inventory,111685000.0,InventoryNet,2023-12-30,2025-02-21,0001039399-25-000023
FORM,2024,BS,inventory,101676000.0,InventoryNet,2024-12-28,2026-02-20,0001039399-26-000009
FORM,2025,BS,inventory,110884000.0,InventoryNet,2025-12-27,2026-02-20,0001039399-26-000009
FORM,2016,BS,liab_and_equity,618982000.0,LiabilitiesAndStockholdersEquity,2016-12-31,2018-02-27,0001039399-18-000014
FORM,2017,BS,liab_and_equity,646574000.0,LiabilitiesAndStockholdersEquity,2017-12-30,2019-02-26,0001039399-19-000010
FORM,2018,BS,liab_and_equity,728222000.0,LiabilitiesAndStockholdersEquity,2018-12-29,2020-02-21,0001039399-20-000011
FORM,2019,BS,liab_and_equity,839882000.0,LiabilitiesAndStockholdersEquity,2019-12-28,2021-02-22,0001039399-21-000009
FORM,2020,BS,liab_and_equity,963217000.0,LiabilitiesAndStockholdersEquity,2020-12-26,2022-02-18,0001039399-22-000014
FORM,2021,BS,liab_and_equity,1020520000.0,LiabilitiesAndStockholdersEquity,2021-12-25,2023-02-24,0001039399-23-000010
FORM,2022,BS,liab_and_equity,1008228000.0,LiabilitiesAndStockholdersEquity,2022-12-31,2024-02-23,0001039399-24-000007
FORM,2023,BS,liab_and_equity,1106794000.0,LiabilitiesAndStockholdersEquity,2023-12-30,2025-02-21,0001039399-25-000023
FORM,2024,BS,liab_and_equity,1146215000.0,LiabilitiesAndStockholdersEquity,2024-12-28,2026-02-20,0001039399-26-000009
FORM,2025,BS,liab_and_equity,1224362000.0,LiabilitiesAndStockholdersEquity,2025-12-27,2026-02-20,0001039399-26-000009
FORM,2016,BS,long_term_debt,125475000.0,LongTermDebtNoncurrent,2016-12-31,2018-02-27,0001039399-18-000014
FORM,2017,BS,long_term_debt,87228000.0,LongTermDebtNoncurrent,2017-12-30,2019-02-26,0001039399-19-000010
FORM,2018,BS,long_term_debt,34971000.0,LongTermDebtNoncurrent,2018-12-29,2020-02-21,0001039399-20-000011
FORM,2019,BS,long_term_debt,15639000.0,LongTermDebtNoncurrent,2019-12-28,2021-02-22,0001039399-21-000009
FORM,2020,BS,long_term_debt,24978000.0,LongTermDebtNoncurrent,2020-12-26,2022-02-18,0001039399-22-000014
FORM,2021,BS,long_term_debt,15434000.0,LongTermDebtNoncurrent,2021-12-25,2023-02-24,0001039399-23-000010
FORM,2022,BS,long_term_debt,14389000.0,LongTermDebtNoncurrent,2022-12-31,2024-02-23,0001039399-24-000007
FORM,2023,BS,long_term_debt,13314000.0,LongTermDebtNoncurrent,2023-12-30,2025-02-21,0001039399-25-000023
FORM,2024,BS,long_term_debt,12208000.0,LongTermDebtNoncurrent,2024-12-28,2026-02-20,0001039399-26-000009
FORM,2025,BS,long_term_debt,11071000.0,LongTermDebtNoncurrent,2025-12-27,2026-02-20,0001039399-26-000009
FORM,2017,BS,st_investments,48988000.0,AvailableForSaleSecuritiesDebtSecuritiesCurrent,2017-12-30,2019-02-26,0001039399-19-000010
FORM,2018,BS,st_investments,50531000.0,AvailableForSaleSecuritiesDebtSecuritiesCurrent,2018-12-29,2020-02-21,0001039399-20-000011
FORM,2019,BS,st_investments,76327000.0,AvailableForSaleSecuritiesDebtSecuritiesCurrent,2019-12-28,2021-02-22,0001039399-21-000009
FORM,2020,BS,st_investments,67810000.0,AvailableForSaleSecuritiesDebtSecuritiesCurrent,2020-12-26,2022-02-18,0001039399-22-000014
FORM,2021,BS,st_investments,125055000.0,AvailableForSaleSecuritiesDebtSecuritiesCurrent,2021-12-25,2023-02-24,0001039399-23-000010
FORM,2022,BS,st_investments,129006000.0,AvailableForSaleSecuritiesDebtSecuritiesCurrent,2022-12-31,2024-02-23,0001039399-24-000007
FORM,2023,BS,st_investments,150507000.0,AvailableForSaleSecuritiesDebtSecuritiesCurrent,2023-12-30,2025-02-21,0001039399-25-000023
FORM,2024,BS,st_investments,169295000.0,AvailableForSaleSecuritiesDebtSecuritiesCurrent,2024-12-28,2026-02-20,0001039399-26-000009
FORM,2025,BS,st_investments,171842000.0,AvailableForSaleSecuritiesDebtSecuritiesCurrent,2025-12-27,2026-02-20,0001039399-26-000009
FORM,2016,BS,total_assets,618982000.0,Assets,2016-12-31,2018-02-27,0001039399-18-000014
FORM,2017,BS,total_assets,646574000.0,Assets,2017-12-30,2019-02-26,0001039399-19-000010
FORM,2018,BS,total_assets,728222000.0,Assets,2018-12-29,2020-02-21,0001039399-20-000011
FORM,2019,BS,total_assets,839882000.0,Assets,2019-12-28,2021-02-22,0001039399-21-000009
FORM,2020,BS,total_assets,963217000.0,Assets,2020-12-26,2022-02-18,0001039399-22-000014
FORM,2021,BS,total_assets,1020520000.0,Assets,2021-12-25,2023-02-24,0001039399-23-000010
FORM,2022,BS,total_assets,1008228000.0,Assets,2022-12-31,2024-02-23,0001039399-24-000007
FORM,2023,BS,total_assets,1106794000.0,Assets,2023-12-30,2025-02-21,0001039399-25-000023
FORM,2024,BS,total_assets,1146215000.0,Assets,2024-12-28,2026-02-20,0001039399-26-000009
FORM,2025,BS,total_assets,1224362000.0,Assets,2025-12-27,2026-02-20,0001039399-26-000009
FORM,2016,BS,total_equity,401056000.0,StockholdersEquity,2016-12-31,2020-02-21,0001039399-20-000011
FORM,2017,BS,total_equity,458637000.0,StockholdersEquity,2017-12-30,2021-02-22,0001039399-21-000009
FORM,2018,BS,total_equity,580164000.0,StockholdersEquity,2018-12-29,2022-02-18,0001039399-22-000014
FORM,2019,BS,total_equity,640997000.0,StockholdersEquity,2019-12-28,2023-02-24,0001039399-23-000010
FORM,2020,BS,total_equity,744084000.0,StockholdersEquity,2020-12-26,2024-02-23,0001039399-24-000007
FORM,2021,BS,total_equity,815780000.0,StockholdersEquity,2021-12-25,2025-02-21,0001039399-25-000023
FORM,2022,BS,total_equity,808285000.0,StockholdersEquity,2022-12-31,2026-02-20,0001039399-26-000009
FORM,2023,BS,total_equity,908804000.0,StockholdersEquity,2023-12-30,2026-02-20,0001039399-26-000009
FORM,2024,BS,total_equity,947768000.0,StockholdersEquity,2024-12-28,2026-02-20,0001039399-26-000009
FORM,2025,BS,total_equity,1035403000.0,StockholdersEquity,2025-12-27,2026-02-20,0001039399-26-000009
FORM,2016,BS,total_liabilities,217926000.0,Liabilities,2016-12-31,2018-02-27,0001039399-18-000014
FORM,2017,BS,total_liabilities,187937000.0,Liabilities,2017-12-30,2019-02-26,0001039399-19-000010
FORM,2018,BS,total_liabilities,148058000.0,Liabilities,2018-12-29,2020-02-21,0001039399-20-000011
FORM,2019,BS,total_liabilities,198885000.0,Liabilities,2019-12-28,2021-02-22,0001039399-21-000009
FORM,2020,BS,total_liabilities,219133000.0,Liabilities,2020-12-26,2022-02-18,0001039399-22-000014
FORM,2021,BS,total_liabilities,204740000.0,Liabilities,2021-12-25,2023-02-24,0001039399-23-000010
FORM,2022,BS,total_liabilities,199943000.0,Liabilities,2022-12-31,2024-02-23,0001039399-24-000007
FORM,2023,BS,total_liabilities,197990000.0,Liabilities,2023-12-30,2025-02-21,0001039399-25-000023
FORM,2024,BS,total_liabilities,198447000.0,Liabilities,2024-12-28,2026-02-20,0001039399-26-000009
FORM,2025,BS,total_liabilities,188959000.0,Liabilities,2025-12-27,2026-02-20,0001039399-26-000009
FORM,2016,CF,acquisitions,228031000.0,PaymentsToAcquireBusinessesNetOfCashAcquired,2016-12-31,2019-02-26,0001039399-19-000010
FORM,2017,CF,acquisitions,0.0,PaymentsToAcquireBusinessesNetOfCashAcquired,2017-12-30,2020-02-21,0001039399-20-000011
FORM,2018,CF,acquisitions,0.0,PaymentsToAcquireBusinessesNetOfCashAcquired,2018-12-29,2021-02-22,0001039399-21-000009
FORM,2019,CF,acquisitions,20524000.0,PaymentsToAcquireBusinessesNetOfCashAcquired,2019-12-28,2022-02-18,0001039399-22-000014
FORM,2020,CF,acquisitions,51880000.0,PaymentsToAcquireBusinessesNetOfCashAcquired,2020-12-26,2023-02-24,0001039399-23-000010
FORM,2021,CF,acquisitions,0.0,PaymentsToAcquireBusinessesNetOfCashAcquired,2021-12-25,2024-02-23,0001039399-24-000007
FORM,2022,CF,acquisitions,3350000.0,PaymentsToAcquireBusinessesNetOfCashAcquired,2022-12-31,2025-02-21,0001039399-25-000023
FORM,2023,CF,acquisitions,0.0,PaymentsToAcquireBusinessesNetOfCashAcquired,2023-12-30,2026-02-20,0001039399-26-000009
FORM,2024,CF,acquisitions,0.0,PaymentsToAcquireBusinessesNetOfCashAcquired,2024-12-28,2026-02-20,0001039399-26-000009
FORM,2025,CF,acquisitions,20580000.0,PaymentsToAcquireBusinessesNetOfCashAcquired,2025-12-27,2026-02-20,0001039399-26-000009
FORM,2016,CF,buybacks,0.0,PaymentsForRepurchaseOfCommonStock,2016-12-31,2019-02-26,0001039399-19-000010
FORM,2017,CF,buybacks,18970000.0,PaymentsForRepurchaseOfCommonStock,2017-12-30,2020-02-21,0001039399-20-000011
FORM,2018,CF,buybacks,0.0,PaymentsForRepurchaseOfCommonStock,2018-12-29,2020-02-21,0001039399-20-000011
FORM,2019,CF,buybacks,0.0,PaymentsForRepurchaseOfCommonStock,2019-12-28,2022-02-18,0001039399-22-000014
FORM,2020,CF,buybacks,0.0,PaymentsForRepurchaseOfCommonStock,2020-12-26,2023-02-24,0001039399-23-000010
FORM,2021,CF,buybacks,24038000.0,PaymentsForRepurchaseOfCommonStock,2021-12-25,2024-02-23,0001039399-24-000007
FORM,2022,CF,buybacks,82328000.0,PaymentsForRepurchaseOfCommonStock,2022-12-31,2025-02-21,0001039399-25-000023
FORM,2023,CF,buybacks,19801000.0,PaymentsForRepurchaseOfCommonStock,2023-12-30,2026-02-20,0001039399-26-000009
FORM,2024,CF,buybacks,53302000.0,PaymentsForRepurchaseOfCommonStock,2024-12-28,2026-02-20,0001039399-26-000009
FORM,2025,CF,buybacks,26244000.0,PaymentsForRepurchaseOfCommonStock,2025-12-27,2026-02-20,0001039399-26-000009
FORM,2016,CF,capex,11521000.0,PaymentsToAcquirePropertyPlantAndEquipment,2016-12-31,2019-02-26,0001039399-19-000010
FORM,2017,CF,capex,17756000.0,PaymentsToAcquirePropertyPlantAndEquipment,2017-12-30,2020-02-21,0001039399-20-000011
FORM,2018,CF,capex,19869000.0,PaymentsToAcquirePropertyPlantAndEquipment,2018-12-29,2021-02-22,0001039399-21-000009
FORM,2019,CF,capex,20847000.0,PaymentsToAcquirePropertyPlantAndEquipment,2019-12-28,2022-02-18,0001039399-22-000014
FORM,2020,CF,capex,55865000.0,PaymentsToAcquirePropertyPlantAndEquipment,2020-12-26,2023-02-24,0001039399-23-000010
FORM,2021,CF,capex,66496000.0,PaymentsToAcquirePropertyPlantAndEquipment,2021-12-25,2024-02-23,0001039399-24-000007
FORM,2022,CF,capex,65254000.0,PaymentsToAcquirePropertyPlantAndEquipment,2022-12-31,2025-02-21,0001039399-25-000023
FORM,2023,CF,capex,56027000.0,PaymentsToAcquirePropertyPlantAndEquipment,2023-12-30,2026-02-20,0001039399-26-000009
FORM,2024,CF,capex,38436000.0,PaymentsToAcquirePropertyPlantAndEquipment,2024-12-28,2026-02-20,0001039399-26-000009
FORM,2025,CF,capex,103658000.0,PaymentsToAcquirePropertyPlantAndEquipment,2025-12-27,2026-02-20,0001039399-26-000009
FORM,2016,CF,depreciation,11371000.0,Depreciation,2016-12-31,2019-02-26,0001039399-19-000010
FORM,2017,CF,depreciation,13626000.0,Depreciation,2017-12-30,2020-02-21,0001039399-20-000011
FORM,2018,CF,depreciation,14314000.0,Depreciation,2018-12-29,2021-02-22,0001039399-21-000009
FORM,2019,CF,depreciation,17185000.0,Depreciation,2019-12-28,2022-02-18,0001039399-22-000014
FORM,2020,CF,depreciation,20694000.0,Depreciation,2020-12-26,2023-02-24,0001039399-23-000010
FORM,2021,CF,depreciation,25772000.0,Depreciation,2021-12-25,2024-02-23,0001039399-24-000007
FORM,2022,CF,depreciation,28646000.0,Depreciation,2022-12-31,2025-02-21,0001039399-25-000023
FORM,2023,CF,depreciation,37453000.0,Depreciation,2023-12-30,2026-02-20,0001039399-26-000009
FORM,2024,CF,depreciation,32903000.0,Depreciation,2024-12-28,2026-02-20,0001039399-26-000009
FORM,2025,CF,depreciation,37589000.0,Depreciation,2025-12-27,2026-02-20,0001039399-26-000009
FORM,2016,CF,operating_cash_flow,17423000.0,NetCashProvidedByUsedInOperatingActivitiesContinuingOperations,2016-12-31,2019-02-26,0001039399-19-000010
FORM,2017,CF,operating_cash_flow,86323000.0,NetCashProvidedByUsedInOperatingActivities,2017-12-30,2020-02-21,0001039399-20-000011
FORM,2018,CF,operating_cash_flow,68700000.0,NetCashProvidedByUsedInOperatingActivities,2018-12-29,2021-02-22,0001039399-21-000009
FORM,2019,CF,operating_cash_flow,121048000.0,NetCashProvidedByUsedInOperatingActivities,2019-12-28,2022-02-18,0001039399-22-000014
FORM,2020,CF,operating_cash_flow,169256000.0,NetCashProvidedByUsedInOperatingActivities,2020-12-26,2023-02-24,0001039399-23-000010
FORM,2021,CF,operating_cash_flow,139364000.0,NetCashProvidedByUsedInOperatingActivities,2021-12-25,2024-02-23,0001039399-24-000007
FORM,2022,CF,operating_cash_flow,131786000.0,NetCashProvidedByUsedInOperatingActivities,2022-12-31,2025-02-21,0001039399-25-000023
FORM,2023,CF,operating_cash_flow,64602000.0,NetCashProvidedByUsedInOperatingActivities,2023-12-30,2026-02-20,0001039399-26-000009
FORM,2024,CF,operating_cash_flow,117534000.0,NetCashProvidedByUsedInOperatingActivities,2024-12-28,2026-02-20,0001039399-26-000009
FORM,2025,CF,operating_cash_flow,115398000.0,NetCashProvidedByUsedInOperatingActivities,2025-12-27,2026-02-20,0001039399-26-000009
FORM,2016,CF,stock_comp,11686000.0,ShareBasedCompensation,2016-12-31,2019-02-26,0001039399-19-000010
FORM,2017,CF,stock_comp,16339000.0,ShareBasedCompensation,2017-12-30,2020-02-21,0001039399-20-000011
FORM,2018,CF,stock_comp,17827000.0,ShareBasedCompensation,2018-12-29,2021-02-22,0001039399-21-000009
FORM,2019,CF,stock_comp,23176000.0,ShareBasedCompensation,2019-12-28,2022-02-18,0001039399-22-000014
FORM,2020,CF,stock_comp,23830000.0,ShareBasedCompensation,2020-12-26,2023-02-24,0001039399-23-000010
FORM,2021,CF,stock_comp,29384000.0,ShareBasedCompensation,2021-12-25,2024-02-23,0001039399-24-000007
FORM,2022,CF,stock_comp,31337000.0,ShareBasedCompensation,2022-12-31,2025-02-21,0001039399-25-000023
FORM,2023,CF,stock_comp,38616000.0,ShareBasedCompensation,2023-12-30,2026-02-20,0001039399-26-000009
FORM,2024,CF,stock_comp,39763000.0,ShareBasedCompensation,2024-12-28,2026-02-20,0001039399-26-000009
FORM,2025,CF,stock_comp,38576000.0,ShareBasedCompensation,2025-12-27,2026-02-20,0001039399-26-000009
FORM,2016,IS,cost_of_revenue,281199000.0,CostOfGoodsAndServicesSold,2016-12-31,2019-02-26,0001039399-19-000010
FORM,2017,IS,cost_of_revenue,332844000.0,CostOfGoodsAndServicesSold,2017-12-30,2020-02-21,0001039399-20-000011
FORM,2018,IS,cost_of_revenue,319336000.0,CostOfGoodsAndServicesSold,2018-12-29,2021-02-22,0001039399-21-000009
FORM,2019,IS,cost_of_revenue,351968000.0,CostOfGoodsAndServicesSold,2019-12-28,2022-02-18,0001039399-22-000014
FORM,2020,IS,cost_of_revenue,405696000.0,CostOfGoodsAndServicesSold,2020-12-26,2023-02-24,0001039399-23-000010
FORM,2021,IS,cost_of_revenue,446907000.0,CostOfGoodsAndServicesSold,2021-12-25,2024-02-23,0001039399-24-000007
FORM,2022,IS,cost_of_revenue,451928000.0,CostOfGoodsAndServicesSold,2022-12-31,2025-02-21,0001039399-25-000023
FORM,2023,IS,cost_of_revenue,404522000.0,CostOfGoodsAndServicesSold,2023-12-30,2026-02-20,0001039399-26-000009
FORM,2024,IS,cost_of_revenue,455676000.0,CostOfGoodsAndServicesSold,2024-12-28,2026-02-20,0001039399-26-000009
FORM,2025,IS,cost_of_revenue,476142000.0,CostOfGoodsAndServicesSold,2025-12-27,2026-02-20,0001039399-26-000009
FORM,2016,IS,eps_diluted,-0.1,EarningsPerShareDiluted,2016-12-31,2019-02-26,0001039399-19-000010
FORM,2017,IS,eps_diluted,0.55,EarningsPerShareDiluted,2017-12-30,2020-02-21,0001039399-20-000011
FORM,2018,IS,eps_diluted,1.38,EarningsPerShareDiluted,2018-12-29,2021-02-22,0001039399-21-000009
FORM,2019,IS,eps_diluted,0.51,EarningsPerShareDiluted,2019-12-28,2022-02-18,0001039399-22-000014
FORM,2020,IS,eps_diluted,0.99,EarningsPerShareDiluted,2020-12-26,2023-02-24,0001039399-23-000010
FORM,2021,IS,eps_diluted,1.06,EarningsPerShareDiluted,2021-12-25,2024-02-23,0001039399-24-000007
FORM,2022,IS,eps_diluted,0.65,EarningsPerShareDiluted,2022-12-31,2025-02-21,0001039399-25-000023
FORM,2023,IS,eps_diluted,1.05,EarningsPerShareDiluted,2023-12-30,2026-02-20,0001039399-26-000009
FORM,2024,IS,eps_diluted,0.89,EarningsPerShareDiluted,2024-12-28,2026-02-20,0001039399-26-000009
FORM,2025,IS,eps_diluted,0.69,EarningsPerShareDiluted,2025-12-27,2026-02-20,0001039399-26-000009
FORM,2016,IS,gross_profit,102682000.0,GrossProfit,2016-12-31,2019-02-26,0001039399-19-000010
FORM,2017,IS,gross_profit,215597000.0,GrossProfit,2017-12-30,2020-02-21,0001039399-20-000011
FORM,2018,IS,gross_profit,210339000.0,GrossProfit,2018-12-29,2021-02-22,0001039399-21-000009
FORM,2019,IS,gross_profit,237496000.0,GrossProfit,2019-12-28,2022-02-18,0001039399-22-000014
FORM,2020,IS,gross_profit,287920000.0,GrossProfit,2020-12-26,2023-02-24,0001039399-23-000010
FORM,2021,IS,gross_profit,322767000.0,GrossProfit,2021-12-25,2024-02-23,0001039399-24-000007
FORM,2022,IS,gross_profit,296009000.0,GrossProfit,2022-12-31,2025-02-21,0001039399-25-000023
FORM,2023,IS,gross_profit,258580000.0,GrossProfit,2023-12-30,2026-02-20,0001039399-26-000009
FORM,2024,IS,gross_profit,307923000.0,GrossProfit,2024-12-28,2026-02-20,0001039399-26-000009
FORM,2025,IS,gross_profit,308851000.0,GrossProfit,2025-12-27,2026-02-20,0001039399-26-000009
FORM,2016,IS,income_tax,-43638000.0,IncomeTaxExpenseBenefit,2016-12-31,2019-02-26,0001039399-19-000010
FORM,2017,IS,income_tax,1293000.0,IncomeTaxExpenseBenefit,2017-12-30,2020-02-21,0001039399-20-000011
FORM,2018,IS,income_tax,-70109000.0,IncomeTaxExpenseBenefit,2018-12-29,2021-02-22,0001039399-21-000009
FORM,2019,IS,income_tax,11717000.0,IncomeTaxExpenseBenefit,2019-12-28,2022-02-18,0001039399-22-000014
FORM,2020,IS,income_tax,6652000.0,IncomeTaxExpenseBenefit,2020-12-26,2023-02-24,0001039399-23-000010
FORM,2021,IS,income_tax,14576000.0,IncomeTaxExpenseBenefit,2021-12-25,2024-02-23,0001039399-24-000007
FORM,2022,IS,income_tax,7132000.0,IncomeTaxExpenseBenefit,2022-12-31,2025-02-21,0001039399-25-000023
FORM,2023,IS,income_tax,6880000.0,IncomeTaxExpenseBenefit,2023-12-30,2026-02-20,0001039399-26-000009
FORM,2024,IS,income_tax,9798000.0,IncomeTaxExpenseBenefit,2024-12-28,2026-02-20,0001039399-26-000009
FORM,2025,IS,income_tax,13004000.0,IncomeTaxExpenseBenefit,2025-12-27,2026-02-20,0001039399-26-000009
FORM,2016,IS,net_income,-6557000.0,NetIncomeLoss,2016-12-31,2019-02-26,0001039399-19-000010
FORM,2017,IS,net_income,40913000.0,NetIncomeLoss,2017-12-30,2020-02-21,0001039399-20-000011
FORM,2018,IS,net_income,104036000.0,NetIncomeLoss,2018-12-29,2021-02-22,0001039399-21-000009
FORM,2019,IS,net_income,39346000.0,NetIncomeLoss,2019-12-28,2022-02-18,0001039399-22-000014
FORM,2020,IS,net_income,78523000.0,NetIncomeLoss,2020-12-26,2023-02-24,0001039399-23-000010
FORM,2021,IS,net_income,83924000.0,NetIncomeLoss,2021-12-25,2024-02-23,0001039399-24-000007
FORM,2022,IS,net_income,50738000.0,NetIncomeLoss,2022-12-31,2025-02-21,0001039399-25-000023
FORM,2023,IS,net_income,82387000.0,NetIncomeLoss,2023-12-30,2026-02-20,0001039399-26-000009
FORM,2024,IS,net_income,69614000.0,NetIncomeLoss,2024-12-28,2026-02-20,0001039399-26-000009
FORM,2025,IS,net_income,54361000.0,NetIncomeLoss,2025-12-27,2026-02-20,0001039399-26-000009
FORM,2016,IS,operating_income,-47907000.0,OperatingIncomeLoss,2016-12-31,2019-02-26,0001039399-19-000010
FORM,2017,IS,operating_income,46301000.0,OperatingIncomeLoss,2017-12-30,2020-02-21,0001039399-20-000011
FORM,2018,IS,operating_income,36109000.0,OperatingIncomeLoss,2018-12-29,2021-02-22,0001039399-21-000009
FORM,2019,IS,operating_income,49662000.0,OperatingIncomeLoss,2019-12-28,2022-02-18,0001039399-22-000014
FORM,2020,IS,operating_income,83788000.0,OperatingIncomeLoss,2020-12-26,2023-02-24,0001039399-23-000010
FORM,2021,IS,operating_income,98038000.0,OperatingIncomeLoss,2021-12-25,2024-02-23,0001039399-24-000007
FORM,2022,IS,operating_income,54912000.0,OperatingIncomeLoss,2022-12-31,2025-02-21,0001039399-25-000023
FORM,2023,IS,operating_income,82756000.0,OperatingIncomeLoss,2023-12-30,2026-02-20,0001039399-26-000009
FORM,2024,IS,operating_income,64780000.0,OperatingIncomeLoss,2024-12-28,2026-02-20,0001039399-26-000009
FORM,2025,IS,operating_income,57070000.0,OperatingIncomeLoss,2025-12-27,2026-02-20,0001039399-26-000009
FORM,2016,IS,rd_expense,57453000.0,ResearchAndDevelopmentExpense,2016-12-31,2019-02-26,0001039399-19-000010
FORM,2017,IS,rd_expense,73807000.0,ResearchAndDevelopmentExpense,2017-12-30,2020-02-21,0001039399-20-000011
FORM,2018,IS,rd_expense,74976000.0,ResearchAndDevelopmentExpense,2018-12-29,2021-02-22,0001039399-21-000009
FORM,2019,IS,rd_expense,81499000.0,ResearchAndDevelopmentExpense,2019-12-28,2022-02-18,0001039399-22-000014
FORM,2020,IS,rd_expense,89034000.0,ResearchAndDevelopmentExpense,2020-12-26,2023-02-24,0001039399-23-000010
FORM,2021,IS,rd_expense,100937000.0,ResearchAndDevelopmentExpense,2021-12-25,2024-02-23,0001039399-24-000007
FORM,2022,IS,rd_expense,109222000.0,ResearchAndDevelopmentExpense,2022-12-31,2025-02-21,0001039399-25-000023
FORM,2023,IS,rd_expense,115765000.0,ResearchAndDevelopmentExpense,2023-12-30,2026-02-20,0001039399-26-000009
FORM,2024,IS,rd_expense,121938000.0,ResearchAndDevelopmentExpense,2024-12-28,2026-02-20,0001039399-26-000009
FORM,2025,IS,rd_expense,115682000.0,ResearchAndDevelopmentExpense,2025-12-27,2026-02-20,0001039399-26-000009
FORM,2016,IS,revenue,383881000.0,RevenueFromContractWithCustomerExcludingAssessedTax,2016-12-31,2019-02-26,0001039399-19-000010
FORM,2017,IS,revenue,548441000.0,RevenueFromContractWithCustomerExcludingAssessedTax,2017-12-30,2020-02-21,0001039399-20-000011
FORM,2018,IS,revenue,529675000.0,RevenueFromContractWithCustomerExcludingAssessedTax,2018-12-29,2021-02-22,0001039399-21-000009
FORM,2019,IS,revenue,589464000.0,RevenueFromContractWithCustomerExcludingAssessedTax,2019-12-28,2022-02-18,0001039399-22-000014
FORM,2020,IS,revenue,693616000.0,RevenueFromContractWithCustomerExcludingAssessedTax,2020-12-26,2023-02-24,0001039399-23-000010
FORM,2021,IS,revenue,769674000.0,RevenueFromContractWithCustomerExcludingAssessedTax,2021-12-25,2024-02-23,0001039399-24-000007
FORM,2022,IS,revenue,747937000.0,RevenueFromContractWithCustomerExcludingAssessedTax,2022-12-31,2025-02-21,0001039399-25-000023
FORM,2023,IS,revenue,663102000.0,RevenueFromContractWithCustomerExcludingAssessedTax,2023-12-30,2026-02-20,0001039399-26-000009
FORM,2024,IS,revenue,763599000.0,RevenueFromContractWithCustomerExcludingAssessedTax,2024-12-28,2026-02-20,0001039399-26-000009
FORM,2025,IS,revenue,784993000.0,RevenueFromContractWithCustomerExcludingAssessedTax,2025-12-27,2026-02-20,0001039399-26-000009
FORM,2016,IS,sga_expense,73444000.0,SellingGeneralAndAdministrativeExpense,2016-12-31,2019-02-26,0001039399-19-000010
FORM,2017,IS,sga_expense,95489000.0,SellingGeneralAndAdministrativeExpense,2017-12-30,2020-02-21,0001039399-20-000011
FORM,2018,IS,sga_expense,99254000.0,SellingGeneralAndAdministrativeExpense,2018-12-29,2021-02-22,0001039399-21-000009
FORM,2019,IS,sga_expense,106335000.0,SellingGeneralAndAdministrativeExpense,2019-12-28,2022-02-18,0001039399-22-000014
FORM,2020,IS,sga_expense,115098000.0,SellingGeneralAndAdministrativeExpense,2020-12-26,2023-02-24,0001039399-23-000010
FORM,2021,IS,sga_expense,123792000.0,SellingGeneralAndAdministrativeExpense,2021-12-25,2024-02-23,0001039399-24-000007
FORM,2022,IS,sga_expense,131875000.0,SellingGeneralAndAdministrativeExpense,2022-12-31,2025-02-21,0001039399-25-000023
FORM,2023,IS,sga_expense,133012000.0,SellingGeneralAndAdministrativeExpense,2023-12-30,2026-02-20,0001039399-26-000009
FORM,2024,IS,sga_expense,141786000.0,SellingGeneralAndAdministrativeExpense,2024-12-28,2026-02-20,0001039399-26-000009
FORM,2025,IS,sga_expense,133074000.0,SellingGeneralAndAdministrativeExpense,2025-12-27,2026-02-20,0001039399-26-000009
FORM,2016,IS,shares_diluted,64941000.0,WeightedAverageNumberOfDilutedSharesOutstanding,2016-12-31,2019-02-26,0001039399-19-000010
FORM,2017,IS,shares_diluted,74239000.0,WeightedAverageNumberOfDilutedSharesOutstanding,2017-12-30,2020-02-21,0001039399-20-000011
FORM,2018,IS,shares_diluted,75182000.0,WeightedAverageNumberOfDilutedSharesOutstanding,2018-12-29,2021-02-22,0001039399-21-000009
FORM,2019,IS,shares_diluted,77286000.0,WeightedAverageNumberOfDilutedSharesOutstanding,2019-12-28,2022-02-18,0001039399-22-000014
FORM,2020,IS,shares_diluted,79001000.0,WeightedAverageNumberOfDilutedSharesOutstanding,2020-12-26,2023-02-24,0001039399-23-000010
FORM,2021,IS,shares_diluted,79133000.0,WeightedAverageNumberOfDilutedSharesOutstanding,2021-12-25,2024-02-23,0001039399-24-000007
FORM,2022,IS,shares_diluted,78201000.0,WeightedAverageNumberOfDilutedSharesOutstanding,2022-12-31,2025-02-21,0001039399-25-000023
FORM,2023,IS,shares_diluted,78159000.0,WeightedAverageNumberOfDilutedSharesOutstanding,2023-12-30,2026-02-20,0001039399-26-000009
FORM,2024,IS,shares_diluted,78437000.0,WeightedAverageNumberOfDilutedSharesOutstanding,2024-12-28,2026-02-20,0001039399-26-000009
FORM,2025,IS,shares_diluted,78313000.0,WeightedAverageNumberOfDilutedSharesOutstanding,2025-12-27,2026-02-20,0001039399-26-000009
TER,2016,BS,accounts_receivable,192444000.0,AccountsReceivableNetCurrent,2016-12-31,2018-03-01,0001193125-18-066579
TER,2017,BS,accounts_receivable,272783000.0,AccountsReceivableNetCurrent,2017-12-31,2019-03-01,0001193125-19-059974
TER,2018,BS,accounts_receivable,291267000.0,AccountsReceivableNetCurrent,2018-12-31,2020-03-02,0001193125-20-058676
TER,2019,BS,accounts_receivable,362368000.0,AccountsReceivableNetCurrent,2019-12-31,2021-02-22,0001193125-21-050735
TER,2020,BS,accounts_receivable,497506000.0,AccountsReceivableNetCurrent,2020-12-31,2022-02-23,0001193125-22-049828
TER,2021,BS,accounts_receivable,550749000.0,AccountsReceivableNetCurrent,2021-12-31,2023-02-22,0001193125-23-044711
TER,2022,BS,accounts_receivable,491145000.0,AccountsReceivableNetCurrent,2022-12-31,2024-02-22,0000950170-24-018701
TER,2023,BS,accounts_receivable,422124000.0,AccountsReceivableNetCurrent,2023-12-31,2025-02-20,0000950170-25-023784
TER,2024,BS,accounts_receivable,471426000.0,AccountsReceivableNetCurrent,2024-12-31,2026-02-19,0001193125-26-059002
TER,2025,BS,accounts_receivable,786913000.0,AccountsReceivableNetCurrent,2025-12-31,2026-02-19,0001193125-26-059002
TER,2016,BS,cash,307884000.0,CashAndCashEquivalentsAtCarryingValue,2016-12-31,2018-03-01,0001193125-18-066579
TER,2017,BS,cash,429843000.0,CashAndCashEquivalentsAtCarryingValue,2017-12-31,2019-03-01,0001193125-19-059974
TER,2018,BS,cash,926752000.0,CashAndCashEquivalentsAtCarryingValue,2018-12-31,2020-03-02,0001193125-20-058676
TER,2019,BS,cash,773924000.0,CashAndCashEquivalentsAtCarryingValue,2019-12-31,2021-02-22,0001193125-21-050735
TER,2020,BS,cash,914121000.0,CashAndCashEquivalentsAtCarryingValue,2020-12-31,2022-02-23,0001193125-22-049828
TER,2021,BS,cash,1122199000.0,CashAndCashEquivalentsAtCarryingValue,2021-12-31,2023-02-22,0001193125-23-044711
TER,2022,BS,cash,854773000.0,CashAndCashEquivalentsAtCarryingValue,2022-12-31,2024-02-22,0000950170-24-018701
TER,2023,BS,cash,757571000.0,CashAndCashEquivalentsAtCarryingValue,2023-12-31,2025-02-20,0000950170-25-023784
TER,2024,BS,cash,553354000.0,CashAndCashEquivalentsAtCarryingValue,2024-12-31,2026-02-19,0001193125-26-059002
TER,2025,BS,cash,293751000.0,CashAndCashEquivalentsAtCarryingValue,2025-12-31,2026-02-19,0001193125-26-059002
TER,2016,BS,current_assets,1623803000.0,AssetsCurrent,2016-12-31,2018-03-01,0001193125-18-066579
TER,2017,BS,current_assets,2270281000.0,AssetsCurrent,2017-12-31,2019-03-01,0001193125-19-059974
TER,2018,BS,current_assets,1732482000.0,AssetsCurrent,2018-12-31,2020-03-02,0001193125-20-058676
TER,2019,BS,current_assets,1658884000.0,AssetsCurrent,2019-12-31,2021-02-22,0001193125-21-050735
TER,2020,BS,current_assets,2415434000.0,AssetsCurrent,2020-12-31,2022-02-23,0001193125-22-049828
TER,2021,BS,current_assets,2576227000.0,AssetsCurrent,2021-12-31,2023-02-22,0001193125-23-044711
TER,2022,BS,current_assets,2257915000.0,AssetsCurrent,2022-12-31,2024-02-22,0000950170-24-018701
TER,2023,BS,current_assets,2162035000.0,AssetsCurrent,2023-12-31,2025-02-20,0000950170-25-023784
TER,2024,BS,current_assets,1816397000.0,AssetsCurrent,2024-12-31,2026-02-19,0001193125-26-059002
TER,2025,BS,current_assets,1949300000.0,AssetsCurrent,2025-12-31,2026-02-19,0001193125-26-059002
TER,2016,BS,current_liabilities,372696000.0,LiabilitiesCurrent,2016-12-31,2018-03-01,0001193125-18-066579
TER,2017,BS,current_liabilities,454336000.0,LiabilitiesCurrent,2017-12-31,2019-03-01,0001193125-19-059974
TER,2018,BS,current_liabilities,476287000.0,LiabilitiesCurrent,2018-12-31,2020-03-02,0001193125-20-058676
TER,2019,BS,current_liabilities,539029000.0,LiabilitiesCurrent,2019-12-31,2021-02-22,0001193125-21-050735
TER,2020,BS,current_liabilities,700871000.0,LiabilitiesCurrent,2020-12-31,2022-02-23,0001193125-22-049828
TER,2021,BS,current_liabilities,805120000.0,LiabilitiesCurrent,2021-12-31,2023-02-22,0001193125-23-044711
TER,2022,BS,current_liabilities,746263000.0,LiabilitiesCurrent,2022-12-31,2024-02-22,0000950170-24-018701
TER,2023,BS,current_liabilities,659951000.0,LiabilitiesCurrent,2023-12-31,2025-02-20,0000950170-25-023784
TER,2024,BS,current_liabilities,624579000.0,LiabilitiesCurrent,2024-12-31,2026-02-19,0001193125-26-059002
TER,2025,BS,current_liabilities,1115207000.0,LiabilitiesCurrent,2025-12-31,2026-02-19,0001193125-26-059002
TER,2016,BS,goodwill,223343000.0,Goodwill,2016-12-31,2019-03-01,0001193125-19-059974
TER,2017,BS,goodwill,252011000.0,Goodwill,2017-12-31,2020-03-02,0001193125-20-058676
TER,2018,BS,goodwill,381850000.0,Goodwill,2018-12-31,2021-02-22,0001193125-21-050735
TER,2019,BS,goodwill,416431000.0,Goodwill,2019-12-31,2022-02-23,0001193125-22-049828
TER,2020,BS,goodwill,453859000.0,Goodwill,2020-12-31,2023-02-22,0001193125-23-044711
TER,2021,BS,goodwill,426024000.0,Goodwill,2021-12-31,2024-02-22,0000950170-24-018701
TER,2022,BS,goodwill,403195000.0,Goodwill,2022-12-31,2025-02-20,0000950170-25-023784
TER,2023,BS,goodwill,415652000.0,Goodwill,2023-12-31,2026-02-19,0001193125-26-059002
TER,2024,BS,goodwill,395367000.0,Goodwill,2024-12-31,2026-02-19,0001193125-26-059002
TER,2025,BS,goodwill,521019000.0,Goodwill,2025-12-31,2026-02-19,0001193125-26-059002
TER,2016,BS,inventory,135958000.0,InventoryNet,2016-12-31,2018-03-01,0001193125-18-066579
TER,2017,BS,inventory,107525000.0,InventoryNet,2017-12-31,2019-03-01,0001193125-19-059974
TER,2018,BS,inventory,153541000.0,InventoryNet,2018-12-31,2020-03-02,0001193125-20-058676
TER,2019,BS,inventory,196691000.0,InventoryNet,2019-12-31,2021-02-22,0001193125-21-050735
TER,2020,BS,inventory,222189000.0,InventoryNet,2020-12-31,2022-02-23,0001193125-22-049828
TER,2021,BS,inventory,243330000.0,InventoryNet,2021-12-31,2023-02-22,0001193125-23-044711
TER,2022,BS,inventory,325019000.0,InventoryNet,2022-12-31,2024-02-22,0000950170-24-018701
TER,2023,BS,inventory,309974000.0,InventoryNet,2023-12-31,2025-02-20,0000950170-25-023784
TER,2024,BS,inventory,298492000.0,InventoryNet,2024-12-31,2026-02-19,0001193125-26-059002
TER,2025,BS,inventory,379552000.0,InventoryNet,2025-12-31,2026-02-19,0001193125-26-059002
TER,2016,BS,liab_and_equity,2762493000.0,LiabilitiesAndStockholdersEquity,2016-12-31,2018-03-01,0001193125-18-066579
TER,2017,BS,liab_and_equity,3109545000.0,LiabilitiesAndStockholdersEquity,2017-12-31,2019-03-01,0001193125-19-059974
TER,2018,BS,liab_and_equity,2706606000.0,LiabilitiesAndStockholdersEquity,2018-12-31,2020-03-02,0001193125-20-058676
TER,2019,BS,liab_and_equity,2787014000.0,LiabilitiesAndStockholdersEquity,2019-12-31,2021-02-22,0001193125-21-050735
TER,2020,BS,liab_and_equity,3652346000.0,LiabilitiesAndStockholdersEquity,2020-12-31,2022-02-23,0001193125-22-049828
TER,2021,BS,liab_and_equity,3809425000.0,LiabilitiesAndStockholdersEquity,2021-12-31,2023-02-22,0001193125-23-044711
TER,2022,BS,liab_and_equity,3501252000.0,LiabilitiesAndStockholdersEquity,2022-12-31,2024-02-22,0000950170-24-018701
TER,2023,BS,liab_and_equity,3486824000.0,LiabilitiesAndStockholdersEquity,2023-12-31,2025-02-20,0000950170-25-023784
TER,2024,BS,liab_and_equity,3708714000.0,LiabilitiesAndStockholdersEquity,2024-12-31,2026-02-19,0001193125-26-059002
TER,2025,BS,liab_and_equity,4183599000.0,LiabilitiesAndStockholdersEquity,2025-12-31,2026-02-19,0001193125-26-059002
TER,2016,BS,total_assets,2762493000.0,Assets,2016-12-31,2019-03-01,0001193125-19-059974
TER,2017,BS,total_assets,3109545000.0,Assets,2017-12-31,2020-03-02,0001193125-20-058676
TER,2018,BS,total_assets,2706606000.0,Assets,2018-12-31,2021-02-22,0001193125-21-050735
TER,2019,BS,total_assets,2787014000.0,Assets,2019-12-31,2022-02-23,0001193125-22-049828
TER,2020,BS,total_assets,3652346000.0,Assets,2020-12-31,2023-02-22,0001193125-23-044711
TER,2021,BS,total_assets,3809425000.0,Assets,2021-12-31,2024-02-22,0000950170-24-018701
TER,2022,BS,total_assets,3501252000.0,Assets,2022-12-31,2025-02-20,0000950170-25-023784
TER,2023,BS,total_assets,3486824000.0,Assets,2023-12-31,2026-02-19,0001193125-26-059002
TER,2024,BS,total_assets,3708714000.0,Assets,2024-12-31,2026-02-19,0001193125-26-059002
TER,2025,BS,total_assets,4183599000.0,Assets,2025-12-31,2026-02-19,0001193125-26-059002
TER,2016,BS,total_equity,1828659000.0,StockholdersEquity,2016-12-31,2020-03-02,0001193125-20-058676
TER,2017,BS,total_equity,1953646000.0,StockholdersEquity,2017-12-31,2021-02-22,0001193125-21-050735
TER,2018,BS,total_equity,1522354000.0,StockholdersEquity,2018-12-31,2022-02-23,0001193125-22-049828
TER,2019,BS,total_equity,1480158000.0,StockholdersEquity,2019-12-31,2023-02-22,0001193125-23-044711
TER,2020,BS,total_equity,2207018000.0,StockholdersEquity,2020-12-31,2024-02-22,0000950170-24-018701
TER,2021,BS,total_equity,2562444000.0,StockholdersEquity,2021-12-31,2025-02-20,0000950170-25-023784
TER,2022,BS,total_equity,2451294000.0,StockholdersEquity,2022-12-31,2026-02-19,0001193125-26-059002
TER,2023,BS,total_equity,2525897000.0,StockholdersEquity,2023-12-31,2026-02-19,0001193125-26-059002
TER,2024,BS,total_equity,2819294000.0,StockholdersEquity,2024-12-31,2026-02-19,0001193125-26-059002
TER,2025,BS,total_equity,2795752000.0,StockholdersEquity,2025-12-31,2026-02-19,0001193125-26-059002
TER,2016,BS,total_liabilities,933834000.0,Liabilities,2016-12-31,2018-03-01,0001193125-18-066579
TER,2017,BS,total_liabilities,1155899000.0,Liabilities,2017-12-31,2019-03-01,0001193125-19-059974
TER,2018,BS,total_liabilities,1184252000.0,Liabilities,2018-12-31,2020-03-02,0001193125-20-058676
TER,2019,BS,total_liabilities,1306856000.0,Liabilities,2019-12-31,2021-02-22,0001193125-21-050735
TER,2020,BS,total_liabilities,1441541000.0,Liabilities,2020-12-31,2022-02-23,0001193125-22-049828
TER,2021,BS,total_liabilities,1245469000.0,Liabilities,2021-12-31,2023-02-22,0001193125-23-044711
TER,2022,BS,total_liabilities,1049958000.0,Liabilities,2022-12-31,2024-02-22,0000950170-24-018701
TER,2023,BS,total_liabilities,960927000.0,Liabilities,2023-12-31,2025-02-20,0000950170-25-023784
TER,2024,BS,total_liabilities,889420000.0,Liabilities,2024-12-31,2026-02-19,0001193125-26-059002
TER,2025,BS,total_liabilities,1387847000.0,Liabilities,2025-12-31,2026-02-19,0001193125-26-059002
TER,2018,CF,acquisitions,169474000.0,PaymentsToAcquireBusinessesNetOfCashAcquired,2018-12-31,2021-02-22,0001193125-21-050735
TER,2019,CF,acquisitions,79742000.0,PaymentsToAcquireBusinessesNetOfCashAcquired,2019-12-31,2022-02-23,0001193125-22-049828
TER,2020,CF,acquisitions,-149000.0,PaymentsToAcquireBusinessesNetOfCashAcquired,2020-12-31,2023-02-22,0001193125-23-044711
TER,2021,CF,acquisitions,12000000.0,PaymentsToAcquireBusinessesNetOfCashAcquired,2021-12-31,2024-02-22,0000950170-24-018701
TER,2022,CF,acquisitions,0.0,PaymentsToAcquireBusinessesNetOfCashAcquired,2022-12-31,2024-02-22,0000950170-24-018701
TER,2023,CF,acquisitions,0.0,PaymentsToAcquireBusinessesNetOfCashAcquired,2023-12-31,2026-02-19,0001193125-26-059002
TER,2024,CF,acquisitions,0.0,PaymentsToAcquireBusinessesNetOfCashAcquired,2024-12-31,2026-02-19,0001193125-26-059002
TER,2025,CF,acquisitions,144380000.0,PaymentsToAcquireBusinessesNetOfCashAcquired,2025-12-31,2026-02-19,0001193125-26-059002
TER,2016,CF,buybacks,146331000.0,PaymentsForRepurchaseOfCommonStock,2016-12-31,2019-03-01,0001193125-19-059974
TER,2017,CF,buybacks,200304000.0,PaymentsForRepurchaseOfCommonStock,2017-12-31,2020-03-02,0001193125-20-058676
TER,2018,CF,buybacks,823478000.0,PaymentsForRepurchaseOfCommonStock,2018-12-31,2021-02-22,0001193125-21-050735
TER,2019,CF,buybacks,500000000.0,PaymentsForRepurchaseOfCommonStock,2019-12-31,2022-02-23,0001193125-22-049828
TER,2020,CF,buybacks,88465000.0,PaymentsForRepurchaseOfCommonStock,2020-12-31,2023-02-22,0001193125-23-044711
TER,2021,CF,buybacks,600000000.0,PaymentsForRepurchaseOfCommonStock,2021-12-31,2024-02-22,0000950170-24-018701
TER,2022,CF,buybacks,752082000.0,PaymentsForRepurchaseOfCommonStock,2022-12-31,2025-02-20,0000950170-25-023784
TER,2023,CF,buybacks,397241000.0,PaymentsForRepurchaseOfCommonStock,2023-12-31,2026-02-19,0001193125-26-059002
TER,2024,CF,buybacks,198574000.0,PaymentsForRepurchaseOfCommonStock,2024-12-31,2026-02-19,0001193125-26-059002
TER,2025,CF,buybacks,702095000.0,PaymentsForRepurchaseOfCommonStock,2025-12-31,2026-02-19,0001193125-26-059002
TER,2016,CF,capex,85272000.0,PaymentsToAcquirePropertyPlantAndEquipment,2016-12-31,2019-03-01,0001193125-19-059974
TER,2017,CF,capex,105375000.0,PaymentsToAcquirePropertyPlantAndEquipment,2017-12-31,2020-03-02,0001193125-20-058676
TER,2018,CF,capex,114379000.0,PaymentsToAcquirePropertyPlantAndEquipment,2018-12-31,2021-02-22,0001193125-21-050735
TER,2019,CF,capex,134642000.0,PaymentsToAcquirePropertyPlantAndEquipment,2019-12-31,2022-02-23,0001193125-22-049828
TER,2020,CF,capex,184977000.0,PaymentsToAcquirePropertyPlantAndEquipment,2020-12-31,2023-02-22,0001193125-23-044711
TER,2021,CF,capex,132472000.0,PaymentsToAcquirePropertyPlantAndEquipment,2021-12-31,2024-02-22,0000950170-24-018701
TER,2022,CF,capex,163249000.0,PaymentsToAcquirePropertyPlantAndEquipment,2022-12-31,2025-02-20,0000950170-25-023784
TER,2023,CF,capex,159642000.0,PaymentsToAcquirePropertyPlantAndEquipment,2023-12-31,2026-02-19,0001193125-26-059002
TER,2024,CF,capex,198095000.0,PaymentsToAcquirePropertyPlantAndEquipment,2024-12-31,2026-02-19,0001193125-26-059002
TER,2025,CF,capex,224009000.0,PaymentsToAcquirePropertyPlantAndEquipment,2025-12-31,2026-02-19,0001193125-26-059002
TER,2016,CF,depreciation,64782000.0,Depreciation,2016-12-31,2019-03-01,0001193125-19-059974
TER,2017,CF,depreciation,66122000.0,Depreciation,2017-12-31,2020-03-02,0001193125-20-058676
TER,2018,CF,depreciation,67415000.0,Depreciation,2018-12-31,2021-02-22,0001193125-21-050735
TER,2019,CF,depreciation,70834000.0,Depreciation,2019-12-31,2022-02-23,0001193125-22-049828
TER,2020,CF,depreciation,80119000.0,Depreciation,2020-12-31,2023-02-22,0001193125-23-044711
TER,2021,CF,depreciation,91073000.0,Depreciation,2021-12-31,2024-02-22,0000950170-24-018701
TER,2022,CF,depreciation,90763000.0,Depreciation,2022-12-31,2025-02-20,0000950170-25-023784
TER,2023,CF,depreciation,92118000.0,Depreciation,2023-12-31,2026-02-19,0001193125-26-059002
TER,2024,CF,depreciation,100977000.0,Depreciation,2024-12-31,2026-02-19,0001193125-26-059002
TER,2025,CF,depreciation,111445000.0,Depreciation,2025-12-31,2026-02-19,0001193125-26-059002
TER,2016,CF,operating_cash_flow,455197000.0,NetCashProvidedByUsedInOperatingActivities,2016-12-31,2019-03-01,0001193125-19-059974
TER,2017,CF,operating_cash_flow,626495000.0,NetCashProvidedByUsedInOperatingActivities,2017-12-31,2020-03-02,0001193125-20-058676
TER,2018,CF,operating_cash_flow,476881000.0,NetCashProvidedByUsedInOperatingActivities,2018-12-31,2021-02-22,0001193125-21-050735
TER,2019,CF,operating_cash_flow,578750000.0,NetCashProvidedByUsedInOperatingActivities,2019-12-31,2022-02-23,0001193125-22-049828
TER,2020,CF,operating_cash_flow,868935000.0,NetCashProvidedByUsedInOperatingActivities,2020-12-31,2023-02-22,0001193125-23-044711
TER,2021,CF,operating_cash_flow,1098366000.0,NetCashProvidedByUsedInOperatingActivities,2021-12-31,2024-02-22,0000950170-24-018701
TER,2022,CF,operating_cash_flow,577923000.0,NetCashProvidedByUsedInOperatingActivities,2022-12-31,2025-02-20,0000950170-25-023784
TER,2023,CF,operating_cash_flow,585231000.0,NetCashProvidedByUsedInOperatingActivities,2023-12-31,2026-02-19,0001193125-26-059002
TER,2024,CF,operating_cash_flow,672176000.0,NetCashProvidedByUsedInOperatingActivities,2024-12-31,2026-02-19,0001193125-26-059002
TER,2025,CF,operating_cash_flow,674415000.0,NetCashProvidedByUsedInOperatingActivities,2025-12-31,2026-02-19,0001193125-26-059002
TER,2016,CF,stock_comp,30750000.0,ShareBasedCompensation,2016-12-31,2019-03-01,0001193125-19-059974
TER,2017,CF,stock_comp,34097000.0,ShareBasedCompensation,2017-12-31,2020-03-02,0001193125-20-058676
TER,2018,CF,stock_comp,33577000.0,ShareBasedCompensation,2018-12-31,2021-02-22,0001193125-21-050735
TER,2019,CF,stock_comp,37897000.0,ShareBasedCompensation,2019-12-31,2022-02-23,0001193125-22-049828
TER,2020,CF,stock_comp,44906000.0,ShareBasedCompensation,2020-12-31,2023-02-22,0001193125-23-044711
TER,2021,CF,stock_comp,45643000.0,ShareBasedCompensation,2021-12-31,2024-02-22,0000950170-24-018701
TER,2022,CF,stock_comp,48228000.0,ShareBasedCompensation,2022-12-31,2025-02-20,0000950170-25-023784
TER,2023,CF,stock_comp,57682000.0,ShareBasedCompensation,2023-12-31,2026-02-19,0001193125-26-059002
TER,2024,CF,stock_comp,60122000.0,ShareBasedCompensation,2024-12-31,2026-02-19,0001193125-26-059002
TER,2025,CF,stock_comp,63999000.0,ShareBasedCompensation,2025-12-31,2026-02-19,0001193125-26-059002
TER,2016,IS,cost_of_revenue,793683000.0,CostOfRevenue,2016-12-31,2018-03-01,0001193125-18-066579
TER,2017,IS,cost_of_revenue,912734000.0,CostOfRevenue,2017-12-31,2018-03-01,0001193125-18-066579
TER,2018,IS,cost_of_revenue,880408000.0,CostOfRevenue,2018-12-31,2019-03-01,0001193125-19-059974
TER,2019,IS,cost_of_revenue,955136000.0,CostOfGoodsAndServicesSold,2019-12-31,2022-02-23,0001193125-22-049828
TER,2020,IS,cost_of_revenue,1335728000.0,CostOfGoodsAndServicesSold,2020-12-31,2023-02-22,0001193125-23-044711
TER,2021,IS,cost_of_revenue,1496225000.0,CostOfGoodsAndServicesSold,2021-12-31,2024-02-22,0000950170-24-018701
TER,2022,IS,cost_of_revenue,1287894000.0,CostOfGoodsAndServicesSold,2022-12-31,2025-02-20,0000950170-25-023784
TER,2023,IS,cost_of_revenue,1139550000.0,CostOfGoodsAndServicesSold,2023-12-31,2026-02-19,0001193125-26-059002
TER,2024,IS,cost_of_revenue,1170953000.0,CostOfGoodsAndServicesSold,2024-12-31,2026-02-19,0001193125-26-059002
TER,2025,IS,cost_of_revenue,1332679000.0,CostOfGoodsAndServicesSold,2025-12-31,2026-02-19,0001193125-26-059002
TER,2016,IS,eps_diluted,-0.21,EarningsPerShareDiluted,2016-12-31,2019-03-01,0001193125-19-059974
TER,2017,IS,eps_diluted,1.28,EarningsPerShareDiluted,2017-12-31,2020-03-02,0001193125-20-058676
TER,2018,IS,eps_diluted,2.35,EarningsPerShareDiluted,2018-12-31,2021-02-22,0001193125-21-050735
TER,2019,IS,eps_diluted,2.6,EarningsPerShareDiluted,2019-12-31,2022-02-23,0001193125-22-049828
TER,2020,IS,eps_diluted,4.28,EarningsPerShareDiluted,2020-12-31,2023-02-22,0001193125-23-044711
TER,2021,IS,eps_diluted,5.53,EarningsPerShareDiluted,2021-12-31,2024-02-22,0000950170-24-018701
TER,2022,IS,eps_diluted,4.22,EarningsPerShareDiluted,2022-12-31,2025-02-20,0000950170-25-023784
TER,2023,IS,eps_diluted,2.73,EarningsPerShareDiluted,2023-12-31,2026-02-19,0001193125-26-059002
TER,2024,IS,eps_diluted,3.32,EarningsPerShareDiluted,2024-12-31,2026-02-19,0001193125-26-059002
TER,2025,IS,eps_diluted,3.47,EarningsPerShareDiluted,2025-12-31,2026-02-19,0001193125-26-059002
TER,2016,IS,gross_profit,958608000.0,GrossProfit,2016-12-31,2019-03-01,0001193125-19-059974
TER,2017,IS,gross_profit,1221453000.0,GrossProfit,2017-12-31,2020-03-02,0001193125-20-058676
TER,2018,IS,gross_profit,1220394000.0,GrossProfit,2018-12-31,2021-02-22,0001193125-21-050735
TER,2019,IS,gross_profit,1339829000.0,GrossProfit,2019-12-31,2022-02-23,0001193125-22-049828
TER,2020,IS,gross_profit,1785741000.0,GrossProfit,2020-12-31,2023-02-22,0001193125-23-044711
TER,2021,IS,gross_profit,2206656000.0,GrossProfit,2021-12-31,2024-02-22,0000950170-24-018701
TER,2022,IS,gross_profit,1867151000.0,GrossProfit,2022-12-31,2025-02-20,0000950170-25-023784
TER,2023,IS,gross_profit,1536748000.0,GrossProfit,2023-12-31,2026-02-19,0001193125-26-059002
TER,2024,IS,gross_profit,1648927000.0,GrossProfit,2024-12-31,2026-02-19,0001193125-26-059002
TER,2025,IS,gross_profit,1857345000.0,GrossProfit,2025-12-31,2026-02-19,0001193125-26-059002
TER,2016,IS,income_tax,-11639000.0,IncomeTaxExpenseBenefit,2016-12-31,2019-03-01,0001193125-19-059974
TER,2017,IS,income_tax,266720000.0,IncomeTaxExpenseBenefit,2017-12-31,2020-03-02,0001193125-20-058676
TER,2018,IS,income_tax,16022000.0,IncomeTaxExpenseBenefit,2018-12-31,2021-02-22,0001193125-21-050735
TER,2019,IS,income_tax,58304000.0,IncomeTaxExpenseBenefit,2019-12-31,2022-02-23,0001193125-22-049828
TER,2020,IS,income_tax,116868000.0,IncomeTaxExpenseBenefit,2020-12-31,2023-02-22,0001193125-23-044711
TER,2021,IS,income_tax,146366000.0,IncomeTaxExpenseBenefit,2021-12-31,2024-02-22,0000950170-24-018701
TER,2022,IS,income_tax,124884000.0,IncomeTaxExpenseBenefit,2022-12-31,2025-02-20,0000950170-25-023784
TER,2023,IS,income_tax,76820000.0,IncomeTaxExpenseBenefit,2023-12-31,2026-02-19,0001193125-26-059002
TER,2024,IS,income_tax,59503000.0,IncomeTaxExpenseBenefit,2024-12-31,2026-02-19,0001193125-26-059002
TER,2025,IS,income_tax,79299000.0,IncomeTaxExpenseBenefit,2025-12-31,2026-02-19,0001193125-26-059002
TER,2016,IS,net_income,-43421000.0,NetIncomeLoss,2016-12-31,2019-03-01,0001193125-19-059974
TER,2017,IS,net_income,257692000.0,NetIncomeLoss,2017-12-31,2020-03-02,0001193125-20-058676
TER,2018,IS,net_income,451779000.0,NetIncomeLoss,2018-12-31,2021-02-22,0001193125-21-050735
TER,2019,IS,net_income,467468000.0,NetIncomeLoss,2019-12-31,2022-02-23,0001193125-22-049828
TER,2020,IS,net_income,784147000.0,NetIncomeLoss,2020-12-31,2023-02-22,0001193125-23-044711
TER,2021,IS,net_income,1014589000.0,NetIncomeLoss,2021-12-31,2024-02-22,0000950170-24-018701
TER,2022,IS,net_income,715501000.0,NetIncomeLoss,2022-12-31,2025-02-20,0000950170-25-023784
TER,2023,IS,net_income,448752000.0,NetIncomeLoss,2023-12-31,2026-02-19,0001193125-26-059002
TER,2024,IS,net_income,542372000.0,NetIncomeLoss,2024-12-31,2026-02-19,0001193125-26-059002
TER,2025,IS,net_income,554047000.0,NetIncomeLoss,2025-12-31,2026-02-19,0001193125-26-059002
TER,2016,IS,operating_income,-62970000.0,OperatingIncomeLoss,2016-12-31,2019-03-01,0001193125-19-059974
TER,2017,IS,operating_income,525343000.0,OperatingIncomeLoss,2017-12-31,2020-03-02,0001193125-20-058676
TER,2018,IS,operating_income,473797000.0,OperatingIncomeLoss,2018-12-31,2021-02-22,0001193125-21-050735
TER,2019,IS,operating_income,553654000.0,OperatingIncomeLoss,2019-12-31,2022-02-23,0001193125-22-049828
TER,2020,IS,operating_income,928407000.0,OperatingIncomeLoss,2020-12-31,2023-02-22,0001193125-23-044711
TER,2021,IS,operating_income,1200720000.0,OperatingIncomeLoss,2021-12-31,2024-02-22,0000950170-24-018701
TER,2022,IS,operating_income,831939000.0,OperatingIncomeLoss,2022-12-31,2025-02-20,0000950170-25-023784
TER,2023,IS,operating_income,501068000.0,OperatingIncomeLoss,2023-12-31,2026-02-19,0001193125-26-059002
TER,2024,IS,operating_income,593788000.0,OperatingIncomeLoss,2024-12-31,2026-02-19,0001193125-26-059002
TER,2025,IS,operating_income,650051000.0,OperatingIncomeLoss,2025-12-31,2026-02-19,0001193125-26-059002
TER,2016,IS,rd_expense,292159000.0,ResearchAndDevelopmentExpenseExcludingAcquiredInProcessCost,2016-12-31,2019-03-01,0001193125-19-059974
TER,2017,IS,rd_expense,307305000.0,ResearchAndDevelopmentExpenseExcludingAcquiredInProcessCost,2017-12-31,2020-03-02,0001193125-20-058676
TER,2018,IS,rd_expense,301505000.0,ResearchAndDevelopmentExpenseExcludingAcquiredInProcessCost,2018-12-31,2021-02-22,0001193125-21-050735
TER,2019,IS,rd_expense,322824000.0,ResearchAndDevelopmentExpenseExcludingAcquiredInProcessCost,2019-12-31,2022-02-23,0001193125-22-049828
TER,2020,IS,rd_expense,374964000.0,ResearchAndDevelopmentExpenseExcludingAcquiredInProcessCost,2020-12-31,2023-02-22,0001193125-23-044711
TER,2021,IS,rd_expense,427609000.0,ResearchAndDevelopmentExpenseExcludingAcquiredInProcessCost,2021-12-31,2024-02-22,0000950170-24-018701
TER,2022,IS,rd_expense,440591000.0,ResearchAndDevelopmentExpenseExcludingAcquiredInProcessCost,2022-12-31,2025-02-20,0000950170-25-023784
TER,2023,IS,rd_expense,418089000.0,ResearchAndDevelopmentExpenseExcludingAcquiredInProcessCost,2023-12-31,2026-02-19,0001193125-26-059002
TER,2024,IS,rd_expense,460876000.0,ResearchAndDevelopmentExpenseExcludingAcquiredInProcessCost,2024-12-31,2026-02-19,0001193125-26-059002
TER,2025,IS,rd_expense,504596000.0,ResearchAndDevelopmentExpenseExcludingAcquiredInProcessCost,2025-12-31,2026-02-19,0001193125-26-059002
TER,2016,IS,revenue,1753250000.0,RevenueFromContractWithCustomerExcludingAssessedTax,2016-12-31,2019-03-01,0001193125-19-059974
TER,2017,IS,revenue,2136606000.0,RevenueFromContractWithCustomerExcludingAssessedTax,2017-12-31,2019-03-01,0001193125-19-059974
TER,2018,IS,revenue,2100802000.0,RevenueFromContractWithCustomerExcludingAssessedTax,2018-12-31,2019-03-01,0001193125-19-059974
TER,2019,IS,revenue,2294965000.0,Revenues,2019-12-31,2022-02-23,0001193125-22-049828
TER,2020,IS,revenue,3121469000.0,Revenues,2020-12-31,2023-02-22,0001193125-23-044711
TER,2021,IS,revenue,3702881000.0,Revenues,2021-12-31,2024-02-22,0000950170-24-018701
TER,2022,IS,revenue,3155045000.0,Revenues,2022-12-31,2025-02-20,0000950170-25-023784
TER,2023,IS,revenue,2676298000.0,Revenues,2023-12-31,2026-02-19,0001193125-26-059002
TER,2024,IS,revenue,2819880000.0,Revenues,2024-12-31,2026-02-19,0001193125-26-059002
TER,2025,IS,revenue,3190024000.0,Revenues,2025-12-31,2026-02-19,0001193125-26-059002
TER,2016,IS,sga_expense,316544000.0,SellingGeneralAndAdministrativeExpense,2016-12-31,2019-03-01,0001193125-19-059974
TER,2017,IS,sga_expense,348913000.0,SellingGeneralAndAdministrativeExpense,2017-12-31,2020-03-02,0001193125-20-058676
TER,2018,IS,sga_expense,390669000.0,SellingGeneralAndAdministrativeExpense,2018-12-31,2021-02-22,0001193125-21-050735
TER,2019,IS,sga_expense,437084000.0,SellingGeneralAndAdministrativeExpense,2019-12-31,2022-02-23,0001193125-22-049828
TER,2020,IS,sga_expense,464769000.0,SellingGeneralAndAdministrativeExpense,2020-12-31,2023-02-22,0001193125-23-044711
TER,2021,IS,sga_expense,547559000.0,SellingGeneralAndAdministrativeExpense,2021-12-31,2024-02-22,0000950170-24-018701
TER,2022,IS,sga_expense,558103000.0,SellingGeneralAndAdministrativeExpense,2022-12-31,2025-02-20,0000950170-25-023784
TER,2023,IS,sga_expense,577315000.0,SellingGeneralAndAdministrativeExpense,2023-12-31,2026-02-19,0001193125-26-059002
TER,2024,IS,sga_expense,617047000.0,SellingGeneralAndAdministrativeExpense,2024-12-31,2026-02-19,0001193125-26-059002
TER,2025,IS,sga_expense,648874000.0,SellingGeneralAndAdministrativeExpense,2025-12-31,2026-02-19,0001193125-26-059002
TER,2016,IS,shares_diluted,202578000.0,WeightedAverageNumberOfDilutedSharesOutstanding,2016-12-31,2019-03-01,0001193125-19-059974
TER,2017,IS,shares_diluted,201641000.0,WeightedAverageNumberOfDilutedSharesOutstanding,2017-12-31,2020-03-02,0001193125-20-058676
TER,2018,IS,shares_diluted,192605000.0,WeightedAverageNumberOfDilutedSharesOutstanding,2018-12-31,2021-02-22,0001193125-21-050735
TER,2019,IS,shares_diluted,179459000.0,WeightedAverageNumberOfDilutedSharesOutstanding,2019-12-31,2022-02-23,0001193125-22-049828
TER,2020,IS,shares_diluted,183042000.0,WeightedAverageNumberOfDilutedSharesOutstanding,2020-12-31,2023-02-22,0001193125-23-044711
TER,2021,IS,shares_diluted,183625000.0,WeightedAverageNumberOfDilutedSharesOutstanding,2021-12-31,2024-02-22,0000950170-24-018701
TER,2022,IS,shares_diluted,169734000.0,WeightedAverageNumberOfDilutedSharesOutstanding,2022-12-31,2025-02-20,0000950170-25-023784
TER,2023,IS,shares_diluted,164304000.0,WeightedAverageNumberOfDilutedSharesOutstanding,2023-12-31,2026-02-19,0001193125-26-059002
TER,2024,IS,shares_diluted,163314000.0,WeightedAverageNumberOfDilutedSharesOutstanding,2024-12-31,2026-02-19,0001193125-26-059002
TER,2025,IS,shares_diluted,159719000.0,WeightedAverageNumberOfDilutedSharesOutstanding,2025-12-31,2026-02-19,0001193125-26-059002
COHU,2016,BS,accounts_receivable,63019000.0,AccountsAndOtherReceivablesNetCurrent,2016-12-31,2018-03-02,0001437749-18-003809
COHU,2017,BS,accounts_receivable,71125000.0,AccountsAndOtherReceivablesNetCurrent,2017-12-30,2019-03-14,0001437749-19-004933
COHU,2018,BS,accounts_receivable,149276000.0,AccountsAndOtherReceivablesNetCurrent,2018-12-29,2020-03-10,0001437749-20-004691
COHU,2019,BS,accounts_receivable,127921000.0,AccountsAndOtherReceivablesNetCurrent,2019-12-28,2021-02-26,0001437749-21-004277
COHU,2020,BS,accounts_receivable,151919000.0,AccountsAndOtherReceivablesNetCurrent,2020-12-26,2022-02-18,0001437749-22-003768
COHU,2021,BS,accounts_receivable,192873000.0,AccountsAndOtherReceivablesNetCurrent,2021-12-25,2023-02-17,0001437749-23-003782
COHU,2022,BS,accounts_receivable,176148000.0,AccountsAndOtherReceivablesNetCurrent,2022-12-31,2024-02-16,0001437749-24-004596
COHU,2023,BS,accounts_receivable,124624000.0,AccountsAndOtherReceivablesNetCurrent,2023-12-30,2025-02-20,0001437749-25-004612
COHU,2024,BS,accounts_receivable,91619000.0,AccountsAndOtherReceivablesNetCurrent,2024-12-28,2026-02-17,0001437749-26-004339
COHU,2025,BS,accounts_receivable,108754000.0,AccountsAndOtherReceivablesNetCurrent,2025-12-27,2026-02-17,0001437749-26-004339
COHU,2016,BS,cash,96045000.0,CashAndCashEquivalentsAtCarryingValue,2016-12-31,2019-03-14,0001437749-19-004933
COHU,2017,BS,cash,134286000.0,CashAndCashEquivalentsAtCarryingValue,2017-12-30,2020-03-10,0001437749-20-004691
COHU,2018,BS,cash,164460000.0,CashAndCashEquivalentsAtCarryingValue,2018-12-29,2021-02-26,0001437749-21-004277
COHU,2019,BS,cash,155194000.0,CashAndCashEquivalentsAtCarryingValue,2019-12-28,2022-02-18,0001437749-22-003768
COHU,2020,BS,cash,149358000.0,CashAndCashEquivalentsAtCarryingValue,2020-12-26,2022-02-18,0001437749-22-003768
COHU,2021,BS,cash,290201000.0,CashAndCashEquivalentsAtCarryingValue,2021-12-25,2023-02-17,0001437749-23-003782
COHU,2022,BS,cash,242341000.0,CashAndCashEquivalentsAtCarryingValue,2022-12-31,2024-02-16,0001437749-24-004596
COHU,2023,BS,cash,245524000.0,CashAndCashEquivalentsAtCarryingValue,2023-12-30,2025-02-20,0001437749-25-004612
COHU,2024,BS,cash,206407000.0,CashAndCashEquivalentsAtCarryingValue,2024-12-28,2026-02-17,0001437749-26-004339
COHU,2025,BS,cash,227053000.0,CashAndCashEquivalentsAtCarryingValue,2025-12-27,2026-02-17,0001437749-26-004339
COHU,2016,BS,current_assets,245149000.0,AssetsCurrent,2016-12-31,2018-03-02,0001437749-18-003809
COHU,2017,BS,current_assets,297438000.0,AssetsCurrent,2017-12-30,2019-03-14,0001437749-19-004933
COHU,2018,BS,current_assets,485239000.0,AssetsCurrent,2018-12-29,2020-03-10,0001437749-20-004691
COHU,2019,BS,current_assets,439696000.0,AssetsCurrent,2019-12-28,2021-02-26,0001437749-21-004277
COHU,2020,BS,current_assets,485046000.0,AssetsCurrent,2020-12-26,2022-02-18,0001437749-22-003768
COHU,2021,BS,current_assets,750793000.0,AssetsCurrent,2021-12-25,2023-02-17,0001437749-23-003782
COHU,2022,BS,current_assets,764851000.0,AssetsCurrent,2022-12-31,2024-02-16,0001437749-24-004596
COHU,2023,BS,current_assets,638818000.0,AssetsCurrent,2023-12-30,2025-02-20,0001437749-25-004612
COHU,2024,BS,current_assets,534307000.0,AssetsCurrent,2024-12-28,2026-02-17,0001437749-26-004339
COHU,2025,BS,current_assets,749990000.0,AssetsCurrent,2025-12-27,2026-02-17,0001437749-26-004339
COHU,2016,BS,current_liabilities,68689000.0,LiabilitiesCurrent,2016-12-31,2018-03-02,0001437749-18-003809
COHU,2017,BS,current_liabilities,85267000.0,LiabilitiesCurrent,2017-12-30,2019-03-14,0001437749-19-004933
COHU,2018,BS,current_liabilities,160589000.0,LiabilitiesCurrent,2018-12-29,2020-03-10,0001437749-20-004691
COHU,2019,BS,current_liabilities,148885000.0,LiabilitiesCurrent,2019-12-28,2021-02-26,0001437749-21-004277
COHU,2020,BS,current_liabilities,174453000.0,LiabilitiesCurrent,2020-12-26,2022-02-18,0001437749-22-003768
COHU,2021,BS,current_liabilities,192459000.0,LiabilitiesCurrent,2021-12-25,2023-02-17,0001437749-23-003782
COHU,2022,BS,current_liabilities,160872000.0,LiabilitiesCurrent,2022-12-31,2024-02-16,0001437749-24-004596
COHU,2023,BS,current_liabilities,103421000.0,LiabilitiesCurrent,2023-12-30,2025-02-20,0001437749-25-004612
COHU,2024,BS,current_liabilities,85184000.0,LiabilitiesCurrent,2024-12-28,2026-02-17,0001437749-26-004339
COHU,2025,BS,current_liabilities,109078000.0,LiabilitiesCurrent,2025-12-27,2026-02-17,0001437749-26-004339
COHU,2016,BS,goodwill,58849000.0,Goodwill,2016-12-31,2019-03-14,0001437749-19-004933
COHU,2017,BS,goodwill,65613000.0,Goodwill,2017-12-30,2020-03-10,0001437749-20-004691
COHU,2018,BS,goodwill,242127000.0,Goodwill,2018-12-29,2021-02-26,0001437749-21-004277
COHU,2019,BS,goodwill,238669000.0,Goodwill,2019-12-28,2022-02-18,0001437749-22-003768
COHU,2020,BS,goodwill,252304000.0,Goodwill,2020-12-26,2023-02-17,0001437749-23-003782
COHU,2021,BS,goodwill,219791000.0,Goodwill,2021-12-25,2024-02-16,0001437749-24-004596
COHU,2022,BS,goodwill,213539000.0,Goodwill,2022-12-31,2025-02-20,0001437749-25-004612
COHU,2023,BS,goodwill,241658000.0,Goodwill,2023-12-30,2026-02-17,0001437749-26-004339
COHU,2024,BS,goodwill,234639000.0,Goodwill,2024-12-28,2026-02-17,0001437749-26-004339
COHU,2025,BS,goodwill,283027000.0,Goodwill,2025-12-27,2026-02-17,0001437749-26-004339
COHU,2016,BS,inventory,45502000.0,InventoryNet,2016-12-31,2018-03-02,0001437749-18-003809
COHU,2017,BS,inventory,62085000.0,InventoryNet,2017-12-30,2019-03-14,0001437749-19-004933
COHU,2018,BS,inventory,139314000.0,InventoryNet,2018-12-29,2020-03-10,0001437749-20-004691
COHU,2019,BS,inventory,130706000.0,InventoryNet,2019-12-28,2021-02-26,0001437749-21-004277
COHU,2020,BS,inventory,142500000.0,InventoryNet,2020-12-26,2022-02-18,0001437749-22-003768
COHU,2021,BS,inventory,161053000.0,InventoryNet,2021-12-25,2023-02-17,0001437749-23-003782
COHU,2022,BS,inventory,170141000.0,InventoryNet,2022-12-31,2024-02-16,0001437749-24-004596
COHU,2023,BS,inventory,155793000.0,InventoryNet,2023-12-30,2025-02-20,0001437749-25-004612
COHU,2024,BS,inventory,141861000.0,InventoryNet,2024-12-28,2026-02-17,0001437749-26-004339
COHU,2025,BS,inventory,129006000.0,InventoryNet,2025-12-27,2026-02-17,0001437749-26-004339
COHU,2016,BS,liab_and_equity,345512000.0,LiabilitiesAndStockholdersEquity,2016-12-31,2018-03-02,0001437749-18-003809
COHU,2017,BS,liab_and_equity,420457000.0,LiabilitiesAndStockholdersEquity,2017-12-30,2019-03-14,0001437749-19-004933
COHU,2018,BS,liab_and_equity,1134002000.0,LiabilitiesAndStockholdersEquity,2018-12-29,2020-03-10,0001437749-20-004691
COHU,2019,BS,liab_and_equity,1077710000.0,LiabilitiesAndStockholdersEquity,2019-12-28,2021-02-26,0001437749-21-004277
COHU,2020,BS,liab_and_equity,1090346000.0,LiabilitiesAndStockholdersEquity,2020-12-26,2022-02-18,0001437749-22-003768
COHU,2021,BS,liab_and_equity,1259044000.0,LiabilitiesAndStockholdersEquity,2021-12-25,2023-02-17,0001437749-23-003782
COHU,2022,BS,liab_and_equity,1227414000.0,LiabilitiesAndStockholdersEquity,2022-12-31,2024-02-16,0001437749-24-004596
COHU,2023,BS,liab_and_equity,1150352000.0,LiabilitiesAndStockholdersEquity,2023-12-30,2025-02-20,0001437749-25-004612
COHU,2024,BS,liab_and_equity,999415000.0,LiabilitiesAndStockholdersEquity,2024-12-28,2026-02-17,0001437749-26-004339
COHU,2025,BS,liab_and_equity,1242982000.0,LiabilitiesAndStockholdersEquity,2025-12-27,2026-02-17,0001437749-26-004339
COHU,2017,BS,long_term_debt,4575000.0,LongTermDebtNoncurrent,2017-12-30,2019-03-14,0001437749-19-004933
COHU,2018,BS,long_term_debt,343428000.0,LongTermDebtNoncurrent,2018-12-29,2020-03-10,0001437749-20-004691
COHU,2019,BS,long_term_debt,346518000.0,LongTermDebtNoncurrent,2019-12-28,2021-02-26,0001437749-21-004277
COHU,2020,BS,long_term_debt,311551000.0,LongTermDebtNoncurrent,2020-12-26,2022-02-18,0001437749-22-003768
COHU,2021,BS,long_term_debt,103393000.0,LongTermDebtNoncurrent,2021-12-25,2023-02-17,0001437749-23-003782
COHU,2022,BS,long_term_debt,72664000.0,LongTermDebtNoncurrent,2022-12-31,2024-02-16,0001437749-24-004596
COHU,2023,BS,long_term_debt,34303000.0,LongTermDebtNoncurrent,2023-12-30,2025-02-20,0001437749-25-004612
COHU,2024,BS,long_term_debt,7052000.0,LongTermDebtNoncurrent,2024-12-28,2026-02-17,0001437749-26-004339
COHU,2025,BS,long_term_debt,285026000.0,LongTermDebtNoncurrent,2025-12-27,2026-02-17,0001437749-26-004339
COHU,2020,BS,st_investments,20669000.0,ShortTermInvestments,2020-12-26,2022-02-18,0001437749-22-003768
COHU,2021,BS,st_investments,89704000.0,ShortTermInvestments,2021-12-25,2023-02-17,0001437749-23-003782
COHU,2022,BS,st_investments,143235000.0,ShortTermInvestments,2022-12-31,2024-02-16,0001437749-24-004596
COHU,2023,BS,st_investments,90174000.0,ShortTermInvestments,2023-12-30,2025-02-20,0001437749-25-004612
COHU,2024,BS,st_investments,55685000.0,ShortTermInvestments,2024-12-28,2026-02-17,0001437749-26-004339
COHU,2025,BS,st_investments,256928000.0,ShortTermInvestments,2025-12-27,2026-02-17,0001437749-26-004339
COHU,2016,BS,total_assets,345512000.0,Assets,2016-12-31,2019-03-14,0001437749-19-004933
COHU,2017,BS,total_assets,420457000.0,Assets,2017-12-30,2020-03-10,0001437749-20-004691
COHU,2018,BS,total_assets,1134002000.0,Assets,2018-12-29,2021-02-26,0001437749-21-004277
COHU,2019,BS,total_assets,1077710000.0,Assets,2019-12-28,2022-02-18,0001437749-22-003768
COHU,2020,BS,total_assets,1090346000.0,Assets,2020-12-26,2023-02-17,0001437749-23-003782
COHU,2021,BS,total_assets,1259044000.0,Assets,2021-12-25,2023-02-17,0001437749-23-003782
COHU,2022,BS,total_assets,1227414000.0,Assets,2022-12-31,2024-02-16,0001437749-24-004596
COHU,2023,BS,total_assets,1150352000.0,Assets,2023-12-30,2025-02-20,0001437749-25-004612
COHU,2024,BS,total_assets,999415000.0,Assets,2024-12-28,2026-02-17,0001437749-26-004339
COHU,2025,BS,total_assets,1242982000.0,Assets,2025-12-27,2026-02-17,0001437749-26-004339
COHU,2016,BS,total_equity,235469000.0,StockholdersEquity,2016-12-31,2018-03-02,0001437749-18-003809
COHU,2017,BS,total_equity,289091000.0,StockholdersEquity,2017-12-30,2019-03-14,0001437749-19-004933
COHU,2018,BS,total_equity,546243000.0,StockholdersEquity,2018-12-29,2020-03-10,0001437749-20-004691
COHU,2019,BS,total_equity,483072000.0,StockholdersEquity,2019-12-28,2023-02-17,0001437749-23-003782
COHU,2020,BS,total_equity,512288000.0,StockholdersEquity,2020-12-26,2024-02-16,0001437749-24-004596
COHU,2021,BS,total_equity,882502000.0,StockholdersEquity,2021-12-25,2025-02-20,0001437749-25-004612
COHU,2022,BS,total_equity,928841000.0,StockholdersEquity,2022-12-31,2026-02-17,0001437749-26-004339
COHU,2023,BS,total_equity,950170000.0,StockholdersEquity,2023-12-30,2026-02-17,0001437749-26-004339
COHU,2024,BS,total_equity,856891000.0,StockholdersEquity,2024-12-28,2026-02-17,0001437749-26-004339
COHU,2025,BS,total_equity,785539000.0,StockholdersEquity,2025-12-27,2026-02-17,0001437749-26-004339
COHU,2016,BS,total_liabilities,110043000.0,derived,,,
COHU,2017,BS,total_liabilities,131366000.0,derived,,,
COHU,2018,BS,total_liabilities,587759000.0,derived,,,
COHU,2019,BS,total_liabilities,594638000.0,derived,,,
COHU,2020,BS,total_liabilities,578058000.0,derived,,,
COHU,2021,BS,total_liabilities,376542000.0,derived,,,
COHU,2022,BS,total_liabilities,298573000.0,derived,,,
COHU,2023,BS,total_liabilities,200182000.0,derived,,,
COHU,2024,BS,total_liabilities,142524000.0,derived,,,
COHU,2025,BS,total_liabilities,457443000.0,derived,,,
COHU,2017,CF,acquisitions,11716000.0,PaymentsToAcquireBusinessesNetOfCashAcquired,2017-12-30,2018-03-02,0001437749-18-003809
COHU,2018,CF,acquisitions,339115000.0,PaymentsToAcquireBusinessesNetOfCashAcquired,2018-12-29,2021-02-26,0001437749-21-004277
COHU,2019,CF,acquisitions,0.0,PaymentsToAcquireBusinessesNetOfCashAcquired,2019-12-28,2021-02-26,0001437749-21-004277
COHU,2020,CF,acquisitions,0.0,PaymentsToAcquireBusinessesNetOfCashAcquired,2020-12-26,2021-02-26,0001437749-21-004277
COHU,2019,CF,buybacks,0.0,PaymentsForRepurchaseOfCommonStock,2019-12-28,2022-02-18,0001437749-22-003768
COHU,2020,CF,buybacks,0.0,PaymentsForRepurchaseOfCommonStock,2020-12-26,2023-02-17,0001437749-23-003782
COHU,2021,CF,buybacks,7324000.0,PaymentsForRepurchaseOfCommonStock,2021-12-25,2024-02-16,0001437749-24-004596
COHU,2022,CF,buybacks,50719000.0,PaymentsForRepurchaseOfCommonStock,2022-12-31,2025-02-20,0001437749-25-004612
COHU,2023,CF,buybacks,23641000.0,PaymentsForRepurchaseOfCommonStock,2023-12-30,2026-02-17,0001437749-26-004339
COHU,2024,CF,buybacks,26986000.0,PaymentsForRepurchaseOfCommonStock,2024-12-28,2026-02-17,0001437749-26-004339
COHU,2025,CF,buybacks,8586000.0,PaymentsForRepurchaseOfCommonStock,2025-12-27,2026-02-17,0001437749-26-004339
COHU,2016,CF,capex,3452000.0,PaymentsToAcquirePropertyPlantAndEquipment,2016-12-31,2019-03-14,0001437749-19-004933
COHU,2017,CF,capex,6093000.0,PaymentsToAcquirePropertyPlantAndEquipment,2017-12-30,2020-03-10,0001437749-20-004691
COHU,2018,CF,capex,4967000.0,PaymentsToAcquirePropertyPlantAndEquipment,2018-12-29,2021-02-26,0001437749-21-004277
COHU,2019,CF,capex,18000000.0,PaymentsToAcquirePropertyPlantAndEquipment,2019-12-28,2022-02-18,0001437749-22-003768
COHU,2020,CF,capex,18660000.0,PaymentsToAcquirePropertyPlantAndEquipment,2020-12-26,2023-02-17,0001437749-23-003782
COHU,2021,CF,capex,12000000.0,PaymentsToAcquirePropertyPlantAndEquipment,2021-12-25,2024-02-16,0001437749-24-004596
COHU,2022,CF,capex,14770000.0,PaymentsToAcquirePropertyPlantAndEquipment,2022-12-31,2025-02-20,0001437749-25-004612
COHU,2023,CF,capex,16053000.0,PaymentsToAcquirePropertyPlantAndEquipment,2023-12-30,2026-02-17,0001437749-26-004339
COHU,2024,CF,capex,10634000.0,PaymentsToAcquirePropertyPlantAndEquipment,2024-12-28,2026-02-17,0001437749-26-004339
COHU,2025,CF,capex,20958000.0,PaymentsToAcquirePropertyPlantAndEquipment,2025-12-27,2026-02-17,0001437749-26-004339
COHU,2016,CF,depreciation,3509000.0,Depreciation,2016-12-31,2019-03-14,0001437749-19-004933
COHU,2017,CF,depreciation,5000000.0,Depreciation,2017-12-30,2020-03-10,0001437749-20-004691
COHU,2018,CF,depreciation,8800000.0,Depreciation,2018-12-29,2021-02-26,0001437749-21-004277
COHU,2019,CF,depreciation,19300000.0,Depreciation,2019-12-28,2022-02-18,0001437749-22-003768
COHU,2020,CF,depreciation,14000000.0,Depreciation,2020-12-26,2023-02-17,0001437749-23-003782
COHU,2021,CF,depreciation,13200000.0,Depreciation,2021-12-25,2024-02-16,0001437749-24-004596
COHU,2022,CF,depreciation,12800000.0,Depreciation,2022-12-31,2025-02-20,0001437749-25-004612
COHU,2023,CF,depreciation,13400000.0,Depreciation,2023-12-30,2026-02-17,0001437749-26-004339
COHU,2024,CF,depreciation,13400000.0,Depreciation,2024-12-28,2026-02-17,0001437749-26-004339
COHU,2025,CF,depreciation,13200000.0,Depreciation,2025-12-27,2026-02-17,0001437749-26-004339
COHU,2016,CF,operating_cash_flow,24548000.0,NetCashProvidedByUsedInOperatingActivities,2016-12-31,2019-03-14,0001437749-19-004933
COHU,2017,CF,operating_cash_flow,39750000.0,NetCashProvidedByUsedInOperatingActivities,2017-12-30,2020-03-10,0001437749-20-004691
COHU,2018,CF,operating_cash_flow,34437000.0,NetCashProvidedByUsedInOperatingActivities,2018-12-29,2021-02-26,0001437749-21-004277
COHU,2019,CF,operating_cash_flow,17269000.0,NetCashProvidedByUsedInOperatingActivities,2019-12-28,2022-02-18,0001437749-22-003768
COHU,2020,CF,operating_cash_flow,49880000.0,NetCashProvidedByUsedInOperatingActivities,2020-12-26,2023-02-17,0001437749-23-003782
COHU,2021,CF,operating_cash_flow,97915000.0,NetCashProvidedByUsedInOperatingActivities,2021-12-25,2024-02-16,0001437749-24-004596
COHU,2022,CF,operating_cash_flow,112861000.0,NetCashProvidedByUsedInOperatingActivities,2022-12-31,2025-02-20,0001437749-25-004612
COHU,2023,CF,operating_cash_flow,101470000.0,NetCashProvidedByUsedInOperatingActivities,2023-12-30,2026-02-17,0001437749-26-004339
COHU,2024,CF,operating_cash_flow,2778000.0,NetCashProvidedByUsedInOperatingActivities,2024-12-28,2026-02-17,0001437749-26-004339
COHU,2025,CF,operating_cash_flow,31692000.0,NetCashProvidedByUsedInOperatingActivities,2025-12-27,2026-02-17,0001437749-26-004339
COHU,2016,CF,stock_comp,7143000.0,ShareBasedCompensation,2016-12-31,2019-03-14,0001437749-19-004933
COHU,2017,CF,stock_comp,7007000.0,ShareBasedCompensation,2017-12-30,2019-03-14,0001437749-19-004933
COHU,2018,CF,stock_comp,18279000.0,ShareBasedCompensation,2018-12-29,2019-03-14,0001437749-19-004933
COHU,2019,CF,stock_comp,14148000.0,AllocatedShareBasedCompensationExpense,2019-12-28,2022-02-18,0001437749-22-003768
COHU,2020,CF,stock_comp,14234000.0,ShareBasedCompensation,2020-12-26,2023-02-17,0001437749-23-003782
COHU,2021,CF,stock_comp,13792000.0,ShareBasedCompensation,2021-12-25,2024-02-16,0001437749-24-004596
COHU,2022,CF,stock_comp,14918000.0,ShareBasedCompensation,2022-12-31,2025-02-20,0001437749-25-004612
COHU,2023,CF,stock_comp,17237000.0,ShareBasedCompensation,2023-12-30,2026-02-17,0001437749-26-004339
COHU,2024,CF,stock_comp,20740000.0,ShareBasedCompensation,2024-12-28,2026-02-17,0001437749-26-004339
COHU,2025,CF,stock_comp,23042000.0,ShareBasedCompensation,2025-12-27,2026-02-17,0001437749-26-004339
COHU,2016,IS,cost_of_revenue,182086000.0,CostOfGoodsAndServicesSold,2016-12-31,2019-03-14,0001437749-19-004933
COHU,2017,IS,cost_of_revenue,209297000.0,CostOfGoodsAndServicesSold,2017-12-30,2019-03-14,0001437749-19-004933
COHU,2018,IS,cost_of_revenue,292460000.0,CostOfGoodsAndServicesSold,2018-12-29,2020-03-10,0001437749-20-004691
COHU,2019,IS,cost_of_revenue,353500000.0,CostOfGoodsAndServicesSold,2019-12-28,2021-02-26,0001437749-21-004277
COHU,2020,IS,cost_of_revenue,364225000.0,CostOfGoodsAndServicesSold,2020-12-26,2021-02-26,0001437749-21-004277
COHU,2021,IS,cost_of_revenue,500253000.0,CostOfGoodsAndServiceExcludingDepreciationDepletionAndAmortization,2021-12-25,2024-02-16,0001437749-24-004596
COHU,2022,IS,cost_of_revenue,429449000.0,CostOfGoodsAndServiceExcludingDepreciationDepletionAndAmortization,2022-12-31,2025-02-20,0001437749-25-004612
COHU,2023,IS,cost_of_revenue,333454000.0,CostOfGoodsAndServiceExcludingDepreciationDepletionAndAmortization,2023-12-30,2026-02-17,0001437749-26-004339
COHU,2024,IS,cost_of_revenue,221485000.0,CostOfGoodsAndServiceExcludingDepreciationDepletionAndAmortization,2024-12-28,2026-02-17,0001437749-26-004339
COHU,2025,IS,cost_of_revenue,259337000.0,CostOfGoodsAndServiceExcludingDepreciationDepletionAndAmortization,2025-12-27,2026-02-17,0001437749-26-004339
COHU,2016,IS,eps_diluted,0.11,EarningsPerShareDiluted,2016-12-31,2019-03-14,0001437749-19-004933
COHU,2017,IS,eps_diluted,1.14,EarningsPerShareDiluted,2017-12-30,2020-03-10,0001437749-20-004691
COHU,2018,IS,eps_diluted,-1.01,EarningsPerShareDiluted,2018-12-29,2021-02-26,0001437749-21-004277
COHU,2019,IS,eps_diluted,-1.69,EarningsPerShareDiluted,2019-12-28,2022-02-18,0001437749-22-003768
COHU,2020,IS,eps_diluted,-0.33,EarningsPerShareDiluted,2020-12-26,2023-02-17,0001437749-23-003782
COHU,2021,IS,eps_diluted,3.45,EarningsPerShareDiluted,2021-12-25,2024-02-16,0001437749-24-004596
COHU,2022,IS,eps_diluted,1.98,EarningsPerShareDiluted,2022-12-31,2025-02-20,0001437749-25-004612
COHU,2023,IS,eps_diluted,0.59,EarningsPerShareDiluted,2023-12-30,2026-02-17,0001437749-26-004339
COHU,2024,IS,eps_diluted,-1.49,EarningsPerShareDiluted,2024-12-28,2026-02-17,0001437749-26-004339
COHU,2025,IS,eps_diluted,-1.59,EarningsPerShareDiluted,2025-12-27,2026-02-17,0001437749-26-004339
COHU,2016,IS,gross_profit,94828000.0,GrossProfit,2016-12-31,2018-03-02,0001437749-18-003809
COHU,2017,IS,gross_profit,140718000.0,GrossProfit,2017-12-30,2018-03-02,0001437749-18-003809
COHU,2018,IS,gross_profit,159308000.0,derived,,,
COHU,2019,IS,gross_profit,229829000.0,derived,,,
COHU,2020,IS,gross_profit,271782000.0,derived,,,
COHU,2021,IS,gross_profit,386961000.0,derived,,,
COHU,2022,IS,gross_profit,383326000.0,derived,,,
COHU,2023,IS,gross_profit,302868000.0,derived,,,
COHU,2024,IS,gross_profit,180294000.0,derived,,,
COHU,2025,IS,gross_profit,193619000.0,derived,,,
COHU,2016,IS,income_tax,2747000.0,IncomeTaxExpenseBenefit,2016-12-31,2019-03-14,0001437749-19-004933
COHU,2017,IS,income_tax,2244000.0,IncomeTaxExpenseBenefit,2017-12-30,2020-03-10,0001437749-20-004691
COHU,2018,IS,income_tax,631000.0,IncomeTaxExpenseBenefit,2018-12-29,2021-02-26,0001437749-21-004277
COHU,2019,IS,income_tax,-3082000.0,IncomeTaxExpenseBenefit,2019-12-28,2022-02-18,0001437749-22-003768
COHU,2020,IS,income_tax,666000.0,IncomeTaxExpenseBenefit,2020-12-26,2023-02-17,0001437749-23-003782
COHU,2021,IS,income_tax,25019000.0,IncomeTaxExpenseBenefit,2021-12-25,2024-02-16,0001437749-24-004596
COHU,2022,IS,income_tax,29868000.0,IncomeTaxExpenseBenefit,2022-12-31,2025-02-20,0001437749-25-004612
COHU,2023,IS,income_tax,17660000.0,IncomeTaxExpenseBenefit,2023-12-30,2026-02-17,0001437749-26-004339
COHU,2024,IS,income_tax,4872000.0,IncomeTaxExpenseBenefit,2024-12-28,2026-02-17,0001437749-26-004339
COHU,2025,IS,income_tax,11866000.0,IncomeTaxExpenseBenefit,2025-12-27,2026-02-17,0001437749-26-004339
COHU,2016,IS,net_income,3039000.0,NetIncomeLoss,2016-12-31,2019-03-14,0001437749-19-004933
COHU,2017,IS,net_income,32843000.0,NetIncomeLoss,2017-12-30,2020-03-10,0001437749-20-004691
COHU,2018,IS,net_income,-32181000.0,NetIncomeLoss,2018-12-29,2021-02-26,0001437749-21-004277
COHU,2019,IS,net_income,-69700000.0,NetIncomeLoss,2019-12-28,2022-02-18,0001437749-22-003768
COHU,2020,IS,net_income,-13801000.0,NetIncomeLoss,2020-12-26,2023-02-17,0001437749-23-003782
COHU,2021,IS,net_income,167325000.0,NetIncomeLoss,2021-12-25,2024-02-16,0001437749-24-004596
COHU,2022,IS,net_income,96847000.0,NetIncomeLoss,2022-12-31,2025-02-20,0001437749-25-004612
COHU,2023,IS,net_income,28156000.0,NetIncomeLoss,2023-12-30,2026-02-17,0001437749-26-004339
COHU,2024,IS,net_income,-69818000.0,NetIncomeLoss,2024-12-28,2026-02-17,0001437749-26-004339
COHU,2025,IS,net_income,-74273000.0,NetIncomeLoss,2025-12-27,2026-02-17,0001437749-26-004339
COHU,2016,IS,operating_income,3043000.0,OperatingIncomeLoss,2016-12-31,2019-03-14,0001437749-19-004933
COHU,2017,IS,operating_income,37725000.0,OperatingIncomeLoss,2017-12-30,2020-03-10,0001437749-20-004691
COHU,2018,IS,operating_income,-29781000.0,OperatingIncomeLoss,2018-12-29,2021-02-26,0001437749-21-004277
COHU,2019,IS,operating_income,-52328000.0,OperatingIncomeLoss,2019-12-28,2022-02-18,0001437749-22-003768
COHU,2020,IS,operating_income,3260000.0,OperatingIncomeLoss,2020-12-26,2023-02-17,0001437749-23-003782
COHU,2021,IS,operating_income,201518000.0,OperatingIncomeLoss,2021-12-25,2024-02-16,0001437749-24-004596
COHU,2022,IS,operating_income,125557000.0,OperatingIncomeLoss,2022-12-31,2025-02-20,0001437749-25-004612
COHU,2023,IS,operating_income,43272000.0,OperatingIncomeLoss,2023-12-30,2026-02-17,0001437749-26-004339
COHU,2024,IS,operating_income,-71668000.0,OperatingIncomeLoss,2024-12-28,2026-02-17,0001437749-26-004339
COHU,2025,IS,operating_income,-69769000.0,OperatingIncomeLoss,2025-12-27,2026-02-17,0001437749-26-004339
COHU,2016,IS,rd_expense,34841000.0,ResearchAndDevelopmentExpense,2016-12-31,2019-03-14,0001437749-19-004933
COHU,2017,IS,rd_expense,40737000.0,ResearchAndDevelopmentExpense,2017-12-30,2020-03-10,0001437749-20-004691
COHU,2018,IS,rd_expense,56434000.0,ResearchAndDevelopmentExpense,2018-12-29,2021-02-26,0001437749-21-004277
COHU,2019,IS,rd_expense,86147000.0,ResearchAndDevelopmentExpense,2019-12-28,2022-02-18,0001437749-22-003768
COHU,2020,IS,rd_expense,86151000.0,ResearchAndDevelopmentExpense,2020-12-26,2023-02-17,0001437749-23-003782
COHU,2021,IS,rd_expense,91963000.0,ResearchAndDevelopmentExpense,2021-12-25,2024-02-16,0001437749-24-004596
COHU,2022,IS,rd_expense,92589000.0,ResearchAndDevelopmentExpense,2022-12-31,2025-02-20,0001437749-25-004612
COHU,2023,IS,rd_expense,88571000.0,ResearchAndDevelopmentExpense,2023-12-30,2026-02-17,0001437749-26-004339
COHU,2024,IS,rd_expense,84797000.0,ResearchAndDevelopmentExpense,2024-12-28,2026-02-17,0001437749-26-004339
COHU,2025,IS,rd_expense,92213000.0,ResearchAndDevelopmentExpense,2025-12-27,2026-02-17,0001437749-26-004339
COHU,2016,IS,revenue,282084000.0,RevenueFromContractWithCustomerIncludingAssessedTax,2016-12-31,2019-03-14,0001437749-19-004933
COHU,2017,IS,revenue,352704000.0,RevenueFromContractWithCustomerIncludingAssessedTax,2017-12-30,2020-03-10,0001437749-20-004691
COHU,2018,IS,revenue,451768000.0,RevenueFromContractWithCustomerIncludingAssessedTax,2018-12-29,2021-02-26,0001437749-21-004277
COHU,2019,IS,revenue,583329000.0,RevenueFromContractWithCustomerIncludingAssessedTax,2019-12-28,2022-02-18,0001437749-22-003768
COHU,2020,IS,revenue,636007000.0,RevenueFromContractWithCustomerIncludingAssessedTax,2020-12-26,2023-02-17,0001437749-23-003782
COHU,2021,IS,revenue,887214000.0,RevenueFromContractWithCustomerIncludingAssessedTax,2021-12-25,2024-02-16,0001437749-24-004596
COHU,2022,IS,revenue,812775000.0,RevenueFromContractWithCustomerIncludingAssessedTax,2022-12-31,2025-02-20,0001437749-25-004612
COHU,2023,IS,revenue,636322000.0,RevenueFromContractWithCustomerIncludingAssessedTax,2023-12-30,2026-02-17,0001437749-26-004339
COHU,2024,IS,revenue,401779000.0,RevenueFromContractWithCustomerIncludingAssessedTax,2024-12-28,2026-02-17,0001437749-26-004339
COHU,2025,IS,revenue,452956000.0,RevenueFromContractWithCustomerIncludingAssessedTax,2025-12-27,2026-02-17,0001437749-26-004339
COHU,2016,IS,sga_expense,55212000.0,SellingGeneralAndAdministrativeExpense,2016-12-31,2019-03-14,0001437749-19-004933
COHU,2017,IS,sga_expense,60737000.0,SellingGeneralAndAdministrativeExpense,2017-12-30,2020-03-10,0001437749-20-004691
COHU,2018,IS,sga_expense,96754000.0,SellingGeneralAndAdministrativeExpense,2018-12-29,2021-02-26,0001437749-21-004277
COHU,2019,IS,sga_expense,142936000.0,SellingGeneralAndAdministrativeExpense,2019-12-28,2022-02-18,0001437749-22-003768
COHU,2020,IS,sga_expense,129248000.0,SellingGeneralAndAdministrativeExpense,2020-12-26,2023-02-17,0001437749-23-003782
COHU,2021,IS,sga_expense,126958000.0,SellingGeneralAndAdministrativeExpense,2021-12-25,2024-02-16,0001437749-24-004596
COHU,2022,IS,sga_expense,131390000.0,SellingGeneralAndAdministrativeExpense,2022-12-31,2025-02-20,0001437749-25-004612
COHU,2023,IS,sga_expense,132249000.0,SellingGeneralAndAdministrativeExpense,2023-12-30,2026-02-17,0001437749-26-004339
COHU,2024,IS,sga_expense,128037000.0,SellingGeneralAndAdministrativeExpense,2024-12-28,2026-02-17,0001437749-26-004339
COHU,2025,IS,sga_expense,123566000.0,SellingGeneralAndAdministrativeExpense,2025-12-27,2026-02-17,0001437749-26-004339
COHU,2016,IS,shares_diluted,27480000.0,WeightedAverageNumberOfDilutedSharesOutstanding,2016-12-31,2019-03-14,0001437749-19-004933
COHU,2017,IS,shares_diluted,28916000.0,WeightedAverageNumberOfDilutedSharesOutstanding,2017-12-30,2020-03-10,0001437749-20-004691
COHU,2018,IS,shares_diluted,31776000.0,WeightedAverageNumberOfDilutedSharesOutstanding,2018-12-29,2021-02-26,0001437749-21-004277
COHU,2019,IS,shares_diluted,41159000.0,WeightedAverageNumberOfDilutedSharesOutstanding,2019-12-28,2022-02-18,0001437749-22-003768
COHU,2020,IS,shares_diluted,41854000.0,WeightedAverageNumberOfDilutedSharesOutstanding,2020-12-26,2023-02-17,0001437749-23-003782
COHU,2021,IS,shares_diluted,48460000.0,WeightedAverageNumberOfDilutedSharesOutstanding,2021-12-25,2024-02-16,0001437749-24-004596
COHU,2022,IS,shares_diluted,48799000.0,WeightedAverageNumberOfDilutedSharesOutstanding,2022-12-31,2025-02-20,0001437749-25-004612
COHU,2023,IS,shares_diluted,48025000.0,WeightedAverageNumberOfDilutedSharesOutstanding,2023-12-30,2026-02-17,0001437749-26-004339
COHU,2024,IS,shares_diluted,46908000.0,WeightedAverageNumberOfDilutedSharesOutstanding,2024-12-28,2026-02-17,0001437749-26-004339
COHU,2025,IS,shares_diluted,46723000.0,WeightedAverageNumberOfDilutedSharesOutstanding,2025-12-27,2026-02-17,0001437749-26-004339
ONTO,2016,BS,accounts_receivable,39457000.0,AccountsReceivableNetCurrent,2016-12-31,2018-02-26,0001564590-18-003134
ONTO,2017,BS,accounts_receivable,62457000.0,AccountsReceivableNetCurrent,2017-12-30,2019-02-25,0001564590-19-004083
ONTO,2018,BS,accounts_receivable,64194000.0,AccountsReceivableNetCurrent,2018-12-31,2020-02-25,0001564590-20-006357
ONTO,2019,BS,accounts_receivable,123656000.0,AccountsReceivableNetCurrent,2019-12-31,2021-02-19,0001564590-21-006843
ONTO,2020,BS,accounts_receivable,149251000.0,AccountsReceivableNetCurrent,2020-12-26,2022-02-25,0001564590-22-006948
ONTO,2021,BS,accounts_receivable,177205000.0,AccountsReceivableNetCurrent,2022-01-01,2023-02-24,0000950170-23-004283
ONTO,2022,BS,accounts_receivable,241395000.0,AccountsReceivableNetCurrent,2022-12-31,2024-02-26,0000950170-24-020150
ONTO,2023,BS,accounts_receivable,226556000.0,AccountsReceivableNetCurrent,2023-12-30,2025-02-25,0000950170-25-026729
ONTO,2024,BS,accounts_receivable,308142000.0,AccountsReceivableNetCurrent,2024-12-28,2026-02-24,0001193125-26-066937
ONTO,2025,BS,accounts_receivable,268932000.0,AccountsReceivableNetCurrent,2026-01-03,2026-02-24,0001193125-26-066937
ONTO,2016,BS,cash,47062000.0,CashAndCashEquivalentsAtCarryingValue,2016-12-31,2018-02-26,0001564590-18-003134
ONTO,2017,BS,cash,34899000.0,CashAndCashEquivalentsAtCarryingValue,2017-12-30,2019-02-25,0001564590-19-004083
ONTO,2018,BS,cash,112388000.0,CashAndCashEquivalentsAtCarryingValue,2018-12-31,2020-02-25,0001564590-20-006357
ONTO,2019,BS,cash,130673000.0,CashAndCashEquivalentsAtCarryingValue,2019-12-31,2021-02-19,0001564590-21-006843
ONTO,2020,BS,cash,136720000.0,CashAndCashEquivalentsAtCarryingValue,2020-12-26,2022-02-25,0001564590-22-006948
ONTO,2021,BS,cash,169602000.0,CashAndCashEquivalentsAtCarryingValue,2022-01-01,2023-02-24,0000950170-23-004283
ONTO,2022,BS,cash,175872000.0,CashAndCashEquivalentsAtCarryingValue,2022-12-31,2024-02-26,0000950170-24-020150
ONTO,2023,BS,cash,233508000.0,CashAndCashEquivalentsAtCarryingValue,2023-12-30,2025-02-25,0000950170-25-026729
ONTO,2024,BS,cash,212945000.0,CashAndCashEquivalentsAtCarryingValue,2024-12-28,2026-02-24,0001193125-26-066937
ONTO,2025,BS,cash,346119000.0,CashAndCashEquivalentsAtCarryingValue,2026-01-03,2026-02-24,0001193125-26-066937
ONTO,2016,BS,current_assets,216379000.0,AssetsCurrent,2016-12-31,2018-02-26,0001564590-18-003134
ONTO,2017,BS,current_assets,240114000.0,AssetsCurrent,2017-12-30,2019-02-25,0001564590-19-004083
ONTO,2018,BS,current_assets,350907000.0,AssetsCurrent,2018-12-31,2020-02-25,0001564590-20-006357
ONTO,2019,BS,current_assets,641664000.0,AssetsCurrent,2019-12-31,2021-02-19,0001564590-21-006843
ONTO,2020,BS,current_assets,731661000.0,AssetsCurrent,2020-12-26,2022-02-25,0001564590-22-006948
ONTO,2021,BS,current_assets,948089000.0,AssetsCurrent,2022-01-01,2023-02-24,0000950170-23-004283
ONTO,2022,BS,current_assets,1134872000.0,AssetsCurrent,2022-12-31,2024-02-26,0000950170-24-020150
ONTO,2023,BS,current_assets,1283267000.0,AssetsCurrent,2023-12-30,2025-02-25,0000950170-25-026729
ONTO,2024,BS,current_assets,1477522000.0,AssetsCurrent,2024-12-28,2026-02-24,0001193125-26-066937
ONTO,2025,BS,current_assets,1268035000.0,AssetsCurrent,2026-01-03,2026-02-24,0001193125-26-066937
ONTO,2016,BS,current_liabilities,42026000.0,LiabilitiesCurrent,2016-12-31,2018-02-26,0001564590-18-003134
ONTO,2017,BS,current_liabilities,44095000.0,LiabilitiesCurrent,2017-12-30,2019-02-25,0001564590-19-004083
ONTO,2018,BS,current_liabilities,44991000.0,LiabilitiesCurrent,2018-12-31,2020-02-25,0001564590-20-006357
ONTO,2019,BS,current_liabilities,85743000.0,LiabilitiesCurrent,2019-12-31,2021-02-19,0001564590-21-006843
ONTO,2020,BS,current_liabilities,120091000.0,LiabilitiesCurrent,2020-12-26,2022-02-25,0001564590-22-006948
ONTO,2021,BS,current_liabilities,154526000.0,LiabilitiesCurrent,2022-01-01,2023-02-24,0000950170-23-004283
ONTO,2022,BS,current_liabilities,160558000.0,LiabilitiesCurrent,2022-12-31,2024-02-26,0000950170-24-020150
ONTO,2023,BS,current_liabilities,147726000.0,LiabilitiesCurrent,2023-12-30,2025-02-25,0000950170-25-026729
ONTO,2024,BS,current_liabilities,170089000.0,LiabilitiesCurrent,2024-12-28,2026-02-24,0001193125-26-066937
ONTO,2025,BS,current_liabilities,218946000.0,LiabilitiesCurrent,2026-01-03,2026-02-24,0001193125-26-066937
ONTO,2016,BS,goodwill,8940000.0,Goodwill,2016-12-31,2019-02-25,0001564590-19-004083
ONTO,2017,BS,goodwill,22495000.0,Goodwill,2017-12-31,2020-02-25,0001564590-20-006357
ONTO,2018,BS,goodwill,22495000.0,Goodwill,2018-12-31,2021-02-19,0001564590-21-006843
ONTO,2019,BS,goodwill,315811000.0,Goodwill,2019-12-31,2023-02-24,0000950170-23-004283
ONTO,2020,BS,goodwill,306632000.0,Goodwill,2020-12-26,2023-02-24,0000950170-23-004283
ONTO,2021,BS,goodwill,315811000.0,Goodwill,2022-01-01,2023-02-24,0000950170-23-004283
ONTO,2022,BS,goodwill,315811000.0,Goodwill,2022-12-31,2025-02-25,0000950170-25-026729
ONTO,2023,BS,goodwill,315811000.0,Goodwill,2023-12-30,2026-02-24,0001193125-26-066937
ONTO,2024,BS,goodwill,329980000.0,Goodwill,2024-12-28,2026-02-24,0001193125-26-066937
ONTO,2025,BS,goodwill,644015000.0,Goodwill,2026-01-03,2026-02-24,0001193125-26-066937
ONTO,2016,BS,inventory,38837000.0,InventoryNet,2016-12-31,2018-02-26,0001564590-18-003134
ONTO,2017,BS,inventory,52860000.0,InventoryNet,2017-12-30,2019-02-25,0001564590-19-004083
ONTO,2018,BS,inventory,96820000.0,InventoryNet,2018-12-31,2020-02-25,0001564590-20-006357
ONTO,2019,BS,inventory,176134000.0,InventoryNet,2019-12-31,2021-02-19,0001564590-21-006843
ONTO,2020,BS,inventory,191217000.0,InventoryNet,2020-12-26,2022-02-25,0001564590-22-006948
ONTO,2021,BS,inventory,243108000.0,InventoryNet,2022-01-01,2023-02-24,0000950170-23-004283
ONTO,2022,BS,inventory,324282000.0,InventoryNet,2022-12-31,2024-02-26,0000950170-24-020150
ONTO,2023,BS,inventory,327773000.0,InventoryNet,2023-12-30,2025-02-25,0000950170-25-026729
ONTO,2024,BS,inventory,286979000.0,InventoryNet,2024-12-28,2026-02-24,0001193125-26-066937
ONTO,2025,BS,inventory,298264000.0,InventoryNet,2026-01-03,2026-02-24,0001193125-26-066937
ONTO,2016,BS,liab_and_equity,287830000.0,LiabilitiesAndStockholdersEquity,2016-12-31,2018-02-26,0001564590-18-003134
ONTO,2017,BS,liab_and_equity,309699000.0,LiabilitiesAndStockholdersEquity,2017-12-30,2019-02-25,0001564590-19-004083
ONTO,2018,BS,liab_and_equity,418040000.0,LiabilitiesAndStockholdersEquity,2018-12-31,2020-02-25,0001564590-20-006357
ONTO,2019,BS,liab_and_equity,1448580000.0,LiabilitiesAndStockholdersEquity,2019-12-31,2021-02-19,0001564590-21-006843
ONTO,2020,BS,liab_and_equity,1468172000.0,LiabilitiesAndStockholdersEquity,2020-12-26,2022-02-25,0001564590-22-006948
ONTO,2021,BS,liab_and_equity,1649813000.0,LiabilitiesAndStockholdersEquity,2022-01-01,2023-02-24,0000950170-23-004283
ONTO,2022,BS,liab_and_equity,1794863000.0,LiabilitiesAndStockholdersEquity,2022-12-31,2024-02-26,0000950170-24-020150
ONTO,2023,BS,liab_and_equity,1909712000.0,LiabilitiesAndStockholdersEquity,2023-12-30,2025-02-25,0000950170-25-026729
ONTO,2024,BS,liab_and_equity,2117091000.0,LiabilitiesAndStockholdersEquity,2024-12-28,2026-02-24,0001193125-26-066937
ONTO,2025,BS,liab_and_equity,2367741000.0,LiabilitiesAndStockholdersEquity,2026-01-03,2026-02-24,0001193125-26-066937
ONTO,2016,BS,st_investments,82899000.0,MarketableSecuritiesCurrent,2016-12-31,2018-02-26,0001564590-18-003134
ONTO,2017,BS,st_investments,82130000.0,MarketableSecuritiesCurrent,2017-12-30,2018-02-26,0001564590-18-003134
ONTO,2018,BS,st_investments,62684000.0,AvailableForSaleSecuritiesDebtSecuritiesCurrent,2018-12-31,2020-02-25,0001564590-20-006357
ONTO,2019,BS,st_investments,189563000.0,AvailableForSaleSecuritiesDebtSecuritiesCurrent,2019-12-31,2021-02-19,0001564590-21-006843
ONTO,2020,BS,st_investments,237002000.0,AvailableForSaleSecuritiesDebtSecuritiesCurrent,2020-12-26,2022-02-25,0001564590-22-006948
ONTO,2021,BS,st_investments,341741000.0,AvailableForSaleSecuritiesDebtSecuritiesCurrent,2022-01-01,2023-02-24,0000950170-23-004283
ONTO,2022,BS,st_investments,371912000.0,AvailableForSaleSecuritiesDebtSecuritiesCurrent,2022-12-31,2024-02-26,0000950170-24-020150
ONTO,2023,BS,st_investments,464303000.0,AvailableForSaleSecuritiesDebtSecuritiesCurrent,2023-12-30,2025-02-25,0000950170-25-026729
ONTO,2024,BS,st_investments,639383000.0,AvailableForSaleSecuritiesDebtSecuritiesCurrent,2024-12-28,2026-02-24,0001193125-26-066937
ONTO,2025,BS,st_investments,293503000.0,AvailableForSaleSecuritiesDebtSecuritiesCurrent,2026-01-03,2026-02-24,0001193125-26-066937
ONTO,2016,BS,total_assets,287830000.0,Assets,2016-12-31,2018-02-26,0001564590-18-003134
ONTO,2017,BS,total_assets,309699000.0,Assets,2017-12-30,2019-02-25,0001564590-19-004083
ONTO,2018,BS,total_assets,418040000.0,Assets,2018-12-31,2020-02-25,0001564590-20-006357
ONTO,2019,BS,total_assets,1448580000.0,Assets,2019-12-31,2021-02-19,0001564590-21-006843
ONTO,2020,BS,total_assets,1468172000.0,Assets,2020-12-26,2022-02-25,0001564590-22-006948
ONTO,2021,BS,total_assets,1649813000.0,Assets,2022-01-01,2023-02-24,0000950170-23-004283
ONTO,2022,BS,total_assets,1794863000.0,Assets,2022-12-31,2024-02-26,0000950170-24-020150
ONTO,2023,BS,total_assets,1909712000.0,Assets,2023-12-30,2025-02-25,0000950170-25-026729
ONTO,2024,BS,total_assets,2117091000.0,Assets,2024-12-28,2026-02-24,0001193125-26-066937
ONTO,2025,BS,total_assets,2367741000.0,Assets,2026-01-03,2026-02-24,0001193125-26-066937
ONTO,2016,BS,total_equity,293735000.0,StockholdersEquity,2016-12-31,2020-02-25,0001564590-20-006357
ONTO,2017,BS,total_equity,333154000.0,StockholdersEquity,2017-12-31,2021-02-19,0001564590-21-006843
ONTO,2018,BS,total_equity,361888000.0,StockholdersEquity,2018-12-31,2022-02-25,0001564590-22-006948
ONTO,2019,BS,total_equity,1264026000.0,StockholdersEquity,2019-12-31,2023-02-24,0000950170-23-004283
ONTO,2020,BS,total_equity,1264746000.0,StockholdersEquity,2020-12-26,2024-02-26,0000950170-24-020150
ONTO,2021,BS,total_equity,1426055000.0,StockholdersEquity,2022-01-01,2025-02-25,0000950170-25-026729
ONTO,2022,BS,total_equity,1596426000.0,StockholdersEquity,2022-12-31,2026-02-24,0001193125-26-066937
ONTO,2023,BS,total_equity,1736535000.0,StockholdersEquity,2023-12-30,2026-02-24,0001193125-26-066937
ONTO,2024,BS,total_equity,1925882000.0,StockholdersEquity,2024-12-28,2026-02-24,0001193125-26-066937
ONTO,2025,BS,total_equity,2100647000.0,StockholdersEquity,2026-01-03,2026-02-24,0001193125-26-066937
ONTO,2016,BS,total_liabilities,44056000.0,Liabilities,2016-12-31,2018-02-26,0001564590-18-003134
ONTO,2017,BS,total_liabilities,47316000.0,Liabilities,2017-12-30,2019-02-25,0001564590-19-004083
ONTO,2018,BS,total_liabilities,56152000.0,Liabilities,2018-12-31,2020-02-25,0001564590-20-006357
ONTO,2019,BS,total_liabilities,184554000.0,Liabilities,2019-12-31,2021-02-19,0001564590-21-006843
ONTO,2020,BS,total_liabilities,203426000.0,Liabilities,2020-12-26,2022-02-25,0001564590-22-006948
ONTO,2021,BS,total_liabilities,223758000.0,Liabilities,2022-01-01,2023-02-24,0000950170-23-004283
ONTO,2022,BS,total_liabilities,198437000.0,Liabilities,2022-12-31,2024-02-26,0000950170-24-020150
ONTO,2023,BS,total_liabilities,173177000.0,Liabilities,2023-12-30,2025-02-25,0000950170-25-026729
ONTO,2024,BS,total_liabilities,191209000.0,Liabilities,2024-12-28,2026-02-24,0001193125-26-066937
ONTO,2025,BS,total_liabilities,267094000.0,Liabilities,2026-01-03,2026-02-24,0001193125-26-066937
ONTO,2018,CF,acquisitions,37163000.0,PaymentsToAcquireBusinessesNetOfCashAcquired,2018-12-29,2019-02-25,0001564590-19-004083
ONTO,2020,CF,acquisitions,0.0,PaymentsToAcquireBusinessesNetOfCashAcquired,2020-12-26,2023-02-24,0000950170-23-004283
ONTO,2021,CF,acquisitions,23795000.0,PaymentsToAcquireBusinessesNetOfCashAcquired,2022-01-01,2024-02-26,0000950170-24-020150
ONTO,2022,CF,acquisitions,4644000.0,PaymentsToAcquireBusinessesNetOfCashAcquired,2022-12-31,2025-02-25,0000950170-25-026729
ONTO,2023,CF,acquisitions,0.0,PaymentsToAcquireBusinessesNetOfCashAcquired,2023-12-30,2026-02-24,0001193125-26-066937
ONTO,2024,CF,acquisitions,26761000.0,PaymentsToAcquireBusinessesNetOfCashAcquired,2024-12-28,2026-02-24,0001193125-26-066937
ONTO,2025,CF,acquisitions,436124000.0,PaymentsToAcquireBusinessesNetOfCashAcquired,2026-01-03,2026-02-24,0001193125-26-066937
ONTO,2017,CF,buybacks,26999000.0,PaymentsForRepurchaseOfCommonStock,2017-12-30,2019-02-25,0001564590-19-004083
ONTO,2018,CF,buybacks,21069000.0,PaymentsForRepurchaseOfCommonStock,2018-12-31,2021-02-19,0001564590-21-006843
ONTO,2019,CF,buybacks,744000.0,PaymentsForRepurchaseOfCommonStock,2019-12-31,2022-02-25,0001564590-22-006948
ONTO,2020,CF,buybacks,52000000.0,PaymentsForRepurchaseOfCommonStock,2020-12-26,2023-02-24,0000950170-23-004283
ONTO,2021,CF,buybacks,0.0,PaymentsForRepurchaseOfCommonStock,2022-01-01,2024-02-26,0000950170-24-020150
ONTO,2022,CF,buybacks,65257000.0,PaymentsForRepurchaseOfCommonStock,2022-12-31,2025-02-25,0000950170-25-026729
ONTO,2023,CF,buybacks,3197000.0,PaymentsForRepurchaseOfCommonStock,2023-12-30,2026-02-24,0001193125-26-066937
ONTO,2024,CF,buybacks,25069000.0,PaymentsForRepurchaseOfCommonStock,2024-12-28,2026-02-24,0001193125-26-066937
ONTO,2025,CF,buybacks,75015000.0,PaymentsForRepurchaseOfCommonStock,2026-01-03,2026-02-24,0001193125-26-066937
ONTO,2016,CF,capex,3999000.0,PaymentsToAcquirePropertyPlantAndEquipment,2016-12-31,2019-02-25,0001564590-19-004083
ONTO,2017,CF,capex,10210000.0,PaymentsToAcquirePropertyPlantAndEquipment,2017-12-31,2020-02-25,0001564590-20-006357
ONTO,2018,CF,capex,7542000.0,PaymentsToAcquirePropertyPlantAndEquipment,2018-12-31,2021-02-19,0001564590-21-006843
ONTO,2019,CF,capex,6802000.0,PaymentsToAcquirePropertyPlantAndEquipment,2019-12-31,2022-02-25,0001564590-22-006948
ONTO,2020,CF,capex,3829000.0,PaymentsToAcquirePropertyPlantAndEquipment,2020-12-26,2023-02-24,0000950170-23-004283
ONTO,2021,CF,capex,12039000.0,PaymentsToAcquirePropertyPlantAndEquipment,2022-01-01,2024-02-26,0000950170-24-020150
ONTO,2022,CF,capex,18405000.0,PaymentsToAcquirePropertyPlantAndEquipment,2022-12-31,2025-02-25,0000950170-25-026729
ONTO,2023,CF,capex,22573000.0,PaymentsToAcquirePropertyPlantAndEquipment,2023-12-30,2026-02-24,0001193125-26-066937
ONTO,2024,CF,capex,31903000.0,PaymentsToAcquirePropertyPlantAndEquipment,2024-12-28,2026-02-24,0001193125-26-066937
ONTO,2025,CF,capex,28513000.0,PaymentsToAcquirePropertyPlantAndEquipment,2026-01-03,2026-02-24,0001193125-26-066937
ONTO,2016,CF,depreciation,6800000.0,Depreciation,2016-12-31,2019-02-25,0001564590-19-004083
ONTO,2017,CF,depreciation,3990000.0,Depreciation,2017-12-31,2020-02-25,0001564590-20-006357
ONTO,2018,CF,depreciation,4848000.0,Depreciation,2018-12-31,2021-02-19,0001564590-21-006843
ONTO,2019,CF,depreciation,5965000.0,Depreciation,2019-12-31,2022-02-25,0001564590-22-006948
ONTO,2020,CF,depreciation,13832000.0,Depreciation,2020-12-26,2023-02-24,0000950170-23-004283
ONTO,2021,CF,depreciation,14435000.0,Depreciation,2022-01-01,2024-02-26,0000950170-24-020150
ONTO,2022,CF,depreciation,9378000.0,Depreciation,2022-12-31,2025-02-25,0000950170-25-026729
ONTO,2023,CF,depreciation,12390000.0,Depreciation,2023-12-30,2026-02-24,0001193125-26-066937
ONTO,2024,CF,depreciation,12872000.0,Depreciation,2024-12-28,2026-02-24,0001193125-26-066937
ONTO,2025,CF,depreciation,21030000.0,Depreciation,2026-01-03,2026-02-24,0001193125-26-066937
ONTO,2016,CF,operating_cash_flow,45685000.0,NetCashProvidedByUsedInOperatingActivities,2016-12-31,2019-02-25,0001564590-19-004083
ONTO,2017,CF,operating_cash_flow,64171000.0,NetCashProvidedByUsedInOperatingActivities,2017-12-31,2020-02-25,0001564590-20-006357
ONTO,2018,CF,operating_cash_flow,35094000.0,NetCashProvidedByUsedInOperatingActivities,2018-12-31,2021-02-19,0001564590-21-006843
ONTO,2019,CF,operating_cash_flow,18146000.0,NetCashProvidedByUsedInOperatingActivities,2019-12-31,2022-02-25,0001564590-22-006948
ONTO,2020,CF,operating_cash_flow,105984000.0,NetCashProvidedByUsedInOperatingActivities,2020-12-26,2023-02-24,0000950170-23-004283
ONTO,2021,CF,operating_cash_flow,175281000.0,NetCashProvidedByUsedInOperatingActivities,2022-01-01,2024-02-26,0000950170-24-020150
ONTO,2022,CF,operating_cash_flow,136703000.0,NetCashProvidedByUsedInOperatingActivities,2022-12-31,2025-02-25,0000950170-25-026729
ONTO,2023,CF,operating_cash_flow,171973000.0,NetCashProvidedByUsedInOperatingActivities,2023-12-30,2026-02-24,0001193125-26-066937
ONTO,2024,CF,operating_cash_flow,245676000.0,NetCashProvidedByUsedInOperatingActivities,2024-12-28,2026-02-24,0001193125-26-066937
ONTO,2025,CF,operating_cash_flow,328315000.0,NetCashProvidedByUsedInOperatingActivities,2026-01-03,2026-02-24,0001193125-26-066937
ONTO,2016,CF,stock_comp,7666000.0,ShareBasedCompensation,2016-12-31,2019-02-25,0001564590-19-004083
ONTO,2017,CF,stock_comp,5670000.0,ShareBasedCompensation,2017-12-31,2020-02-25,0001564590-20-006357
ONTO,2018,CF,stock_comp,6062000.0,ShareBasedCompensation,2018-12-31,2021-02-19,0001564590-21-006843
ONTO,2019,CF,stock_comp,10585000.0,ShareBasedCompensation,2019-12-31,2022-02-25,0001564590-22-006948
ONTO,2020,CF,stock_comp,17662000.0,ShareBasedCompensation,2020-12-26,2023-02-24,0000950170-23-004283
ONTO,2021,CF,stock_comp,19542000.0,ShareBasedCompensation,2022-01-01,2024-02-26,0000950170-24-020150
ONTO,2022,CF,stock_comp,24426000.0,ShareBasedCompensation,2022-12-31,2025-02-25,0000950170-25-026729
ONTO,2023,CF,stock_comp,25513000.0,ShareBasedCompensation,2023-12-30,2026-02-24,0001193125-26-066937
ONTO,2024,CF,stock_comp,28577000.0,ShareBasedCompensation,2024-12-28,2026-02-24,0001193125-26-066937
ONTO,2025,CF,stock_comp,27617000.0,ShareBasedCompensation,2026-01-03,2026-02-24,0001193125-26-066937
ONTO,2016,IS,cost_of_revenue,107005000.0,CostOfGoodsAndServicesSold,2016-12-31,2019-02-25,0001564590-19-004083
ONTO,2017,IS,cost_of_revenue,120503000.0,CostOfRevenue,2017-12-31,2020-02-25,0001564590-20-006357
ONTO,2018,IS,cost_of_revenue,125505000.0,CostOfRevenue,2018-12-31,2021-02-19,0001564590-21-006843
ONTO,2019,IS,cost_of_revenue,170868000.0,CostOfRevenue,2019-12-31,2022-02-25,0001564590-22-006948
ONTO,2020,IS,cost_of_revenue,278043000.0,CostOfRevenue,2020-12-26,2023-02-24,0000950170-23-004283
ONTO,2021,IS,cost_of_revenue,359813000.0,CostOfRevenue,2022-01-01,2024-02-26,0000950170-24-020150
ONTO,2022,IS,cost_of_revenue,465962000.0,CostOfRevenue,2022-12-31,2025-02-25,0000950170-25-026729
ONTO,2023,IS,cost_of_revenue,395614000.0,CostOfRevenue,2023-12-30,2026-02-24,0001193125-26-066937
ONTO,2024,IS,cost_of_revenue,472013000.0,CostOfRevenue,2024-12-28,2026-02-24,0001193125-26-066937
ONTO,2025,IS,cost_of_revenue,505493000.0,CostOfRevenue,2026-01-03,2026-02-24,0001193125-26-066937
ONTO,2016,IS,eps_diluted,1.75,EarningsPerShareDiluted,2016-12-31,2019-02-25,0001564590-19-004083
ONTO,2017,IS,eps_diluted,1.27,EarningsPerShareDiluted,2017-12-31,2020-02-25,0001564590-20-006357
ONTO,2018,IS,eps_diluted,1.74,EarningsPerShareDiluted,2018-12-31,2021-02-19,0001564590-21-006843
ONTO,2019,IS,eps_diluted,0.06,EarningsPerShareDiluted,2019-12-31,2022-02-25,0001564590-22-006948
ONTO,2020,IS,eps_diluted,0.63,EarningsPerShareDiluted,2020-12-26,2023-02-24,0000950170-23-004283
ONTO,2021,IS,eps_diluted,2.86,EarningsPerShareDiluted,2022-01-01,2024-02-26,0000950170-24-020150
ONTO,2022,IS,eps_diluted,4.49,EarningsPerShareDiluted,2022-12-31,2025-02-25,0000950170-25-026729
ONTO,2023,IS,eps_diluted,2.46,EarningsPerShareDiluted,2023-12-30,2026-02-24,0001193125-26-066937
ONTO,2024,IS,eps_diluted,4.06,EarningsPerShareDiluted,2024-12-28,2026-02-24,0001193125-26-066937
ONTO,2025,IS,eps_diluted,2.78,EarningsPerShareDiluted,2026-01-03,2026-02-24,0001193125-26-066937
ONTO,2016,IS,gross_profit,114124000.0,GrossProfit,2016-12-31,2019-02-25,0001564590-19-004083
ONTO,2017,IS,gross_profit,134595000.0,GrossProfit,2017-12-31,2020-02-25,0001564590-20-006357
ONTO,2018,IS,gross_profit,148279000.0,GrossProfit,2018-12-31,2021-02-19,0001564590-21-006843
ONTO,2019,IS,gross_profit,135028000.0,GrossProfit,2019-12-31,2022-02-25,0001564590-22-006948
ONTO,2020,IS,gross_profit,278453000.0,GrossProfit,2020-12-26,2023-02-24,0000950170-23-004283
ONTO,2021,IS,gross_profit,429086000.0,GrossProfit,2022-01-01,2024-02-26,0000950170-24-020150
ONTO,2022,IS,gross_profit,539221000.0,GrossProfit,2022-12-31,2025-02-25,0000950170-25-026729
ONTO,2023,IS,gross_profit,420254000.0,GrossProfit,2023-12-30,2026-02-24,0001193125-26-066937
ONTO,2024,IS,gross_profit,515308000.0,GrossProfit,2024-12-28,2026-02-24,0001193125-26-066937
ONTO,2025,IS,gross_profit,499770000.0,GrossProfit,2026-01-03,2026-02-24,0001193125-26-066937
ONTO,2016,IS,income_tax,-14900000.0,IncomeTaxExpenseBenefit,2016-12-31,2019-02-25,0001564590-19-004083
ONTO,2017,IS,income_tax,26893000.0,IncomeTaxExpenseBenefit,2017-12-31,2020-02-25,0001564590-20-006357
ONTO,2018,IS,income_tax,8250000.0,IncomeTaxExpenseBenefit,2018-12-31,2021-02-19,0001564590-21-006843
ONTO,2019,IS,income_tax,-18250000.0,IncomeTaxExpenseBenefit,2019-12-31,2023-02-24,0000950170-23-004283
ONTO,2020,IS,income_tax,-4157000.0,IncomeTaxExpenseBenefit,2020-12-26,2023-02-24,0000950170-23-004283
ONTO,2021,IS,income_tax,13333000.0,IncomeTaxExpenseBenefit,2022-01-01,2024-02-26,0000950170-24-020150
ONTO,2022,IS,income_tax,18250000.0,IncomeTaxExpenseBenefit,2022-12-31,2025-02-25,0000950170-25-026729
ONTO,2023,IS,income_tax,11423000.0,IncomeTaxExpenseBenefit,2023-12-30,2026-02-24,0001193125-26-066937
ONTO,2024,IS,income_tax,18777000.0,IncomeTaxExpenseBenefit,2024-12-28,2026-02-24,0001193125-26-066937
ONTO,2025,IS,income_tax,26143000.0,IncomeTaxExpenseBenefit,2026-01-03,2026-02-24,0001193125-26-066937
ONTO,2016,IS,net_income,44035000.0,NetIncomeLoss,2016-12-31,2019-02-25,0001564590-19-004083
ONTO,2017,IS,net_income,32909000.0,NetIncomeLoss,2017-12-31,2020-02-25,0001564590-20-006357
ONTO,2018,IS,net_income,45096000.0,NetIncomeLoss,2018-12-31,2021-02-19,0001564590-21-006843
ONTO,2019,IS,net_income,223334000.0,NetIncomeLoss,2019-12-31,2023-02-24,0000950170-23-004283
ONTO,2020,IS,net_income,31025000.0,NetIncomeLoss,2020-12-26,2023-02-24,0000950170-23-004283
ONTO,2021,IS,net_income,142349000.0,NetIncomeLoss,2022-01-01,2024-02-26,0000950170-24-020150
ONTO,2022,IS,net_income,223334000.0,NetIncomeLoss,2022-12-31,2025-02-25,0000950170-25-026729
ONTO,2023,IS,net_income,121159000.0,NetIncomeLoss,2023-12-30,2026-02-24,0001193125-26-066937
ONTO,2024,IS,net_income,201670000.0,NetIncomeLoss,2024-12-28,2026-02-24,0001193125-26-066937
ONTO,2025,IS,net_income,136759000.0,NetIncomeLoss,2026-01-03,2026-02-24,0001193125-26-066937
ONTO,2016,IS,operating_income,29095000.0,OperatingIncomeLoss,2016-12-31,2019-02-25,0001564590-19-004083
ONTO,2017,IS,operating_income,59288000.0,OperatingIncomeLoss,2017-12-31,2020-02-25,0001564590-20-006357
ONTO,2018,IS,operating_income,51084000.0,OperatingIncomeLoss,2018-12-31,2021-02-19,0001564590-21-006843
ONTO,2019,IS,operating_income,-5043000.0,OperatingIncomeLoss,2019-12-31,2022-02-25,0001564590-22-006948
ONTO,2020,IS,operating_income,-26677000.0,OperatingIncomeLoss,2020-12-26,2023-02-24,0000950170-23-004283
ONTO,2021,IS,operating_income,-156407000.0,OperatingIncomeLoss,2022-01-01,2024-02-26,0000950170-24-020150
ONTO,2022,IS,operating_income,236714000.0,OperatingIncomeLoss,2022-12-31,2025-02-25,0000950170-25-026729
ONTO,2023,IS,operating_income,116078000.0,OperatingIncomeLoss,2023-12-30,2026-02-24,0001193125-26-066937
ONTO,2024,IS,operating_income,187103000.0,OperatingIncomeLoss,2024-12-28,2026-02-24,0001193125-26-066937
ONTO,2025,IS,operating_income,132927000.0,OperatingIncomeLoss,2026-01-03,2026-02-24,0001193125-26-066937
ONTO,2016,IS,rd_expense,31443000.0,ResearchAndDevelopmentExpense,2016-12-31,2019-02-25,0001564590-19-004083
ONTO,2017,IS,rd_expense,37694000.0,ResearchAndDevelopmentExpense,2017-12-31,2020-02-25,0001564590-20-006357
ONTO,2018,IS,rd_expense,39953000.0,ResearchAndDevelopmentExpense,2018-12-31,2021-02-19,0001564590-21-006843
ONTO,2019,IS,rd_expense,48358000.0,ResearchAndDevelopmentExpense,2019-12-31,2022-02-25,0001564590-22-006948
ONTO,2020,IS,rd_expense,84584000.0,ResearchAndDevelopmentExpense,2020-12-26,2023-02-24,0000950170-23-004283
ONTO,2021,IS,rd_expense,96118000.0,ResearchAndDevelopmentExpense,2022-01-01,2024-02-26,0000950170-24-020150
ONTO,2022,IS,rd_expense,111953000.0,ResearchAndDevelopmentExpense,2022-12-31,2025-02-25,0000950170-25-026729
ONTO,2023,IS,rd_expense,104442000.0,ResearchAndDevelopmentExpense,2023-12-30,2026-02-24,0001193125-26-066937
ONTO,2024,IS,rd_expense,113860000.0,ResearchAndDevelopmentExpense,2024-12-28,2026-02-24,0001193125-26-066937
ONTO,2025,IS,rd_expense,131978000.0,ResearchAndDevelopmentExpense,2026-01-03,2026-02-24,0001193125-26-066937
ONTO,2016,IS,revenue,221129000.0,RevenueFromContractWithCustomerExcludingAssessedTax,2016-12-31,2019-02-25,0001564590-19-004083
ONTO,2017,IS,revenue,255098000.0,RevenueFromContractWithCustomerExcludingAssessedTax,2017-12-31,2020-02-25,0001564590-20-006357
ONTO,2018,IS,revenue,273784000.0,RevenueFromContractWithCustomerExcludingAssessedTax,2018-12-31,2021-02-19,0001564590-21-006843
ONTO,2019,IS,revenue,305896000.0,RevenueFromContractWithCustomerExcludingAssessedTax,2019-12-31,2022-02-25,0001564590-22-006948
ONTO,2020,IS,revenue,556496000.0,RevenueFromContractWithCustomerExcludingAssessedTax,2020-12-26,2023-02-24,0000950170-23-004283
ONTO,2021,IS,revenue,788899000.0,RevenueFromContractWithCustomerExcludingAssessedTax,2022-01-01,2024-02-26,0000950170-24-020150
ONTO,2022,IS,revenue,1005183000.0,RevenueFromContractWithCustomerExcludingAssessedTax,2022-12-31,2025-02-25,0000950170-25-026729
ONTO,2023,IS,revenue,815868000.0,RevenueFromContractWithCustomerExcludingAssessedTax,2023-12-30,2026-02-24,0001193125-26-066937
ONTO,2024,IS,revenue,987321000.0,RevenueFromContractWithCustomerExcludingAssessedTax,2024-12-28,2026-02-24,0001193125-26-066937
ONTO,2025,IS,revenue,1005263000.0,RevenueFromContractWithCustomerExcludingAssessedTax,2026-01-03,2026-02-24,0001193125-26-066937
ONTO,2016,IS,sga_expense,53562000.0,derived,,,
ONTO,2017,IS,sga_expense,48673000.0,derived,,,
ONTO,2018,IS,sga_expense,55708000.0,derived,,,
ONTO,2019,IS,sga_expense,81268000.0,derived,,,
ONTO,2020,IS,sga_expense,113446000.0,derived,,,
ONTO,2021,IS,sga_expense,125195000.0,derived,,,
ONTO,2022,IS,sga_expense,135270000.0,derived,,,
ONTO,2023,IS,sga_expense,141340000.0,derived,,,
ONTO,2024,IS,sga_expense,155899000.0,derived,,,
ONTO,2025,IS,sga_expense,177032000.0,derived,,,
ONTO,2016,IS,shares_diluted,25153000.0,WeightedAverageNumberOfDilutedSharesOutstanding,2016-12-31,2019-02-25,0001564590-19-004083
ONTO,2017,IS,shares_diluted,25865000.0,WeightedAverageNumberOfDilutedSharesOutstanding,2017-12-31,2020-02-25,0001564590-20-006357
ONTO,2018,IS,shares_diluted,25895000.0,WeightedAverageNumberOfDilutedSharesOutstanding,2018-12-31,2021-02-19,0001564590-21-006843
ONTO,2019,IS,shares_diluted,49764000.0,WeightedAverageNumberOfDilutedSharesOutstanding,2019-12-31,2023-02-24,0000950170-23-004283
ONTO,2020,IS,shares_diluted,49475000.0,WeightedAverageNumberOfDilutedSharesOutstanding,2020-12-26,2023-02-24,0000950170-23-004283
ONTO,2021,IS,shares_diluted,49728000.0,WeightedAverageNumberOfDilutedSharesOutstanding,2022-01-01,2024-02-26,0000950170-24-020150
ONTO,2022,IS,shares_diluted,49764000.0,WeightedAverageNumberOfDilutedSharesOutstanding,2022-12-31,2025-02-25,0000950170-25-026729
ONTO,2023,IS,shares_diluted,49318000.0,WeightedAverageNumberOfDilutedSharesOutstanding,2023-12-30,2026-02-24,0001193125-26-066937
ONTO,2024,IS,shares_diluted,49660000.0,WeightedAverageNumberOfDilutedSharesOutstanding,2024-12-28,2026-02-24,0001193125-26-066937
ONTO,2025,IS,shares_diluted,49273000.0,WeightedAverageNumberOfDilutedSharesOutstanding,2026-01-03,2026-02-24,0001193125-26-066937
KLIC,2016,BS,accounts_receivable,130455000.0,AccountsNotesAndLoansReceivableNetCurrent,2016-10-01,2018-05-31,0000056978-18-000053
KLIC,2017,BS,accounts_receivable,198480000.0,AccountsNotesAndLoansReceivableNetCurrent,2017-09-30,2018-11-20,0000056978-18-000142
KLIC,2018,BS,accounts_receivable,243373000.0,AccountsNotesAndLoansReceivableNetCurrent,2018-09-29,2019-11-15,0000056978-19-000130
KLIC,2019,BS,accounts_receivable,195830000.0,AccountsNotesAndLoansReceivableNetCurrent,2019-09-28,2020-11-20,0000056978-20-000146
KLIC,2020,BS,accounts_receivable,198640000.0,AccountsNotesAndLoansReceivableNetCurrent,2020-10-03,2021-11-18,0000056978-21-000153
KLIC,2021,BS,accounts_receivable,421193000.0,AccountsNotesAndLoansReceivableNetCurrent,2021-10-02,2023-08-08,0000056978-23-000103
KLIC,2022,BS,accounts_receivable,309323000.0,AccountsNotesAndLoansReceivableNetCurrent,2022-10-01,2023-11-16,0000056978-23-000172
KLIC,2023,BS,accounts_receivable,158601000.0,AccountsNotesAndLoansReceivableNetCurrent,2023-09-30,2024-11-14,0000056978-24-000148
KLIC,2024,BS,accounts_receivable,193909000.0,AccountsNotesAndLoansReceivableNetCurrent,2024-09-28,2025-11-20,0000056978-25-000081
KLIC,2025,BS,accounts_receivable,183538000.0,AccountsNotesAndLoansReceivableNetCurrent,2025-10-04,2025-11-20,0000056978-25-000081
KLIC,2016,BS,cash,423907000.0,CashAndCashEquivalentsAtCarryingValue,2016-10-01,2018-05-31,0000056978-18-000053
KLIC,2017,BS,cash,392410000.0,CashAndCashEquivalentsAtCarryingValue,2017-09-30,2018-11-20,0000056978-18-000142
KLIC,2018,BS,cash,320630000.0,CashAndCashEquivalentsAtCarryingValue,2018-09-29,2019-11-15,0000056978-19-000130
KLIC,2019,BS,cash,364184000.0,CashAndCashEquivalentsAtCarryingValue,2019-09-28,2020-11-20,0000056978-20-000146
KLIC,2020,BS,cash,188127000.0,CashAndCashEquivalentsAtCarryingValue,2020-10-03,2021-11-18,0000056978-21-000153
KLIC,2021,BS,cash,362788000.0,CashAndCashEquivalentsAtCarryingValue,2021-10-02,2023-08-08,0000056978-23-000103
KLIC,2022,BS,cash,555537000.0,CashAndCashEquivalentsAtCarryingValue,2022-10-01,2023-11-16,0000056978-23-000172
KLIC,2023,BS,cash,529402000.0,CashAndCashEquivalentsAtCarryingValue,2023-09-30,2024-11-14,0000056978-24-000148
KLIC,2024,BS,cash,227147000.0,CashAndCashEquivalentsAtCarryingValue,2024-09-28,2025-11-20,0000056978-25-000081
KLIC,2025,BS,cash,215708000.0,CashAndCashEquivalentsAtCarryingValue,2025-10-04,2025-11-20,0000056978-25-000081
KLIC,2016,BS,current_assets,780942000.0,AssetsCurrent,2016-10-01,2018-05-31,0000056978-18-000053
KLIC,2017,BS,current_assets,953382000.0,AssetsCurrent,2017-09-30,2018-11-20,0000056978-18-000142
KLIC,2018,BS,current_assets,987273000.0,AssetsCurrent,2018-09-29,2019-11-15,0000056978-19-000130
KLIC,2019,BS,current_assets,893751000.0,AssetsCurrent,2019-09-28,2020-11-20,0000056978-20-000146
KLIC,2020,BS,current_assets,860196000.0,AssetsCurrent,2020-10-03,2021-11-18,0000056978-21-000153
KLIC,2021,BS,current_assets,1351890000.0,AssetsCurrent,2021-10-02,2023-08-08,0000056978-23-000103
KLIC,2022,BS,current_assets,1332046000.0,AssetsCurrent,2022-10-01,2023-11-16,0000056978-23-000172
KLIC,2023,BS,current_assets,1189058000.0,AssetsCurrent,2023-09-30,2024-11-14,0000056978-24-000148
KLIC,2024,BS,current_assets,994953000.0,AssetsCurrent,2024-09-28,2025-11-20,0000056978-25-000081
KLIC,2025,BS,current_assets,901535000.0,AssetsCurrent,2025-10-04,2025-11-20,0000056978-25-000081
KLIC,2016,BS,current_liabilities,125959000.0,LiabilitiesCurrent,2016-10-01,2018-05-31,0000056978-18-000053
KLIC,2017,BS,current_liabilities,192981000.0,LiabilitiesCurrent,2017-09-30,2018-11-20,0000056978-18-000142
KLIC,2018,BS,current_liabilities,174076000.0,LiabilitiesCurrent,2018-09-29,2019-11-15,0000056978-19-000130
KLIC,2019,BS,current_liabilities,174642000.0,LiabilitiesCurrent,2019-09-28,2020-11-20,0000056978-20-000146
KLIC,2020,BS,current_liabilities,157893000.0,LiabilitiesCurrent,2020-10-03,2021-11-18,0000056978-21-000153
KLIC,2021,BS,current_liabilities,351875000.0,LiabilitiesCurrent,2021-10-02,2023-08-08,0000056978-23-000103
KLIC,2022,BS,current_liabilities,248681000.0,LiabilitiesCurrent,2022-10-01,2023-11-16,0000056978-23-000172
KLIC,2023,BS,current_liabilities,181551000.0,LiabilitiesCurrent,2023-09-30,2024-11-14,0000056978-24-000148
KLIC,2024,BS,current_liabilities,183794000.0,LiabilitiesCurrent,2024-09-28,2025-11-20,0000056978-25-000081
KLIC,2025,BS,current_liabilities,188171000.0,LiabilitiesCurrent,2025-10-04,2025-11-20,0000056978-25-000081
KLIC,2016,BS,goodwill,81272000.0,Goodwill,2016-10-01,2018-05-31,0000056978-18-000053
KLIC,2017,BS,goodwill,56318000.0,Goodwill,2017-09-30,2018-11-20,0000056978-18-000142
KLIC,2018,BS,goodwill,56550000.0,Goodwill,2018-09-29,2019-11-15,0000056978-19-000130
KLIC,2019,BS,goodwill,55691000.0,Goodwill,2019-09-28,2020-11-20,0000056978-20-000146
KLIC,2020,BS,goodwill,56695000.0,Goodwill,2020-10-03,2021-11-18,0000056978-21-000153
KLIC,2021,BS,goodwill,72949000.0,Goodwill,2021-10-02,2023-08-08,0000056978-23-000103
KLIC,2022,BS,goodwill,68096000.0,Goodwill,2022-10-01,2023-11-16,0000056978-23-000172
KLIC,2023,BS,goodwill,88673000.0,Goodwill,2023-09-30,2025-11-20,0000056978-25-000081
KLIC,2024,BS,goodwill,89748000.0,Goodwill,2024-09-28,2025-11-20,0000056978-25-000081
KLIC,2025,BS,goodwill,69522000.0,Goodwill,2025-10-04,2025-11-20,0000056978-25-000081
KLIC,2016,BS,inventory,87295000.0,InventoryNet,2016-10-01,2018-05-31,0000056978-18-000053
KLIC,2017,BS,inventory,122023000.0,InventoryNet,2017-09-30,2018-11-20,0000056978-18-000142
KLIC,2018,BS,inventory,115191000.0,InventoryNet,2018-09-29,2019-11-15,0000056978-19-000130
KLIC,2019,BS,inventory,89308000.0,InventoryNet,2019-09-28,2020-11-20,0000056978-20-000146
KLIC,2020,BS,inventory,111809000.0,InventoryNet,2020-10-03,2021-11-18,0000056978-21-000153
KLIC,2021,BS,inventory,167323000.0,InventoryNet,2021-10-02,2023-08-08,0000056978-23-000103
KLIC,2022,BS,inventory,184986000.0,InventoryNet,2022-10-01,2023-11-16,0000056978-23-000172
KLIC,2023,BS,inventory,217304000.0,InventoryNet,2023-09-30,2024-11-14,0000056978-24-000148
KLIC,2024,BS,inventory,177736000.0,InventoryNet,2024-09-28,2025-11-20,0000056978-25-000081
KLIC,2025,BS,inventory,160225000.0,InventoryNet,2025-10-04,2025-11-20,0000056978-25-000081
KLIC,2016,BS,liab_and_equity,982444000.0,LiabilitiesAndStockholdersEquity,2016-10-01,2018-05-31,0000056978-18-000053
KLIC,2017,BS,liab_and_equity,1171107000.0,LiabilitiesAndStockholdersEquity,2017-09-30,2018-11-20,0000056978-18-000142
KLIC,2018,BS,liab_and_equity,1185740000.0,LiabilitiesAndStockholdersEquity,2018-09-29,2019-11-15,0000056978-19-000130
KLIC,2019,BS,liab_and_equity,1079616000.0,LiabilitiesAndStockholdersEquity,2019-09-28,2020-11-20,0000056978-20-000146
KLIC,2020,BS,liab_and_equity,1054566000.0,LiabilitiesAndStockholdersEquity,2020-10-03,2021-11-18,0000056978-21-000153
KLIC,2021,BS,liab_and_equity,1601631000.0,LiabilitiesAndStockholdersEquity,2021-10-02,2023-08-08,0000056978-23-000103
KLIC,2022,BS,liab_and_equity,1588599000.0,LiabilitiesAndStockholdersEquity,2022-10-01,2023-11-16,0000056978-23-000172
KLIC,2023,BS,liab_and_equity,1499777000.0,LiabilitiesAndStockholdersEquity,2023-09-30,2024-11-14,0000056978-24-000148
KLIC,2024,BS,liab_and_equity,1240162000.0,LiabilitiesAndStockholdersEquity,2024-09-28,2025-11-20,0000056978-25-000081
KLIC,2025,BS,liab_and_equity,1104342000.0,LiabilitiesAndStockholdersEquity,2025-10-04,2025-11-20,0000056978-25-000081
KLIC,2016,BS,st_investments,124000000.0,ShortTermInvestments,2016-10-01,2018-05-31,0000056978-18-000053
KLIC,2017,BS,st_investments,216000000.0,ShortTermInvestments,2017-09-30,2018-11-20,0000056978-18-000142
KLIC,2018,BS,st_investments,293000000.0,ShortTermInvestments,2018-09-29,2019-11-15,0000056978-19-000130
KLIC,2019,BS,st_investments,229000000.0,ShortTermInvestments,2019-09-28,2020-11-20,0000056978-20-000146
KLIC,2020,BS,st_investments,342000000.0,ShortTermInvestments,2020-10-03,2021-11-18,0000056978-21-000153
KLIC,2021,BS,st_investments,377000000.0,ShortTermInvestments,2021-10-02,2023-08-08,0000056978-23-000103
KLIC,2022,BS,st_investments,220000000.0,ShortTermInvestments,2022-10-01,2023-11-16,0000056978-23-000172
KLIC,2023,BS,st_investments,230000000.0,ShortTermInvestments,2023-09-30,2024-11-14,0000056978-24-000148
KLIC,2024,BS,st_investments,350000000.0,ShortTermInvestments,2024-09-28,2025-11-20,0000056978-25-000081
KLIC,2025,BS,st_investments,295000000.0,ShortTermInvestments,2025-10-04,2025-11-20,0000056978-25-000081
KLIC,2016,BS,total_assets,982444000.0,Assets,2016-10-01,2018-05-31,0000056978-18-000053
KLIC,2017,BS,total_assets,1171107000.0,Assets,2017-09-30,2018-11-20,0000056978-18-000142
KLIC,2018,BS,total_assets,1185740000.0,Assets,2018-09-29,2019-11-15,0000056978-19-000130
KLIC,2019,BS,total_assets,1079616000.0,Assets,2019-09-28,2020-11-20,0000056978-20-000146
KLIC,2020,BS,total_assets,1054566000.0,Assets,2020-10-03,2021-11-18,0000056978-21-000153
KLIC,2021,BS,total_assets,1601631000.0,Assets,2021-10-02,2023-08-08,0000056978-23-000103
KLIC,2022,BS,total_assets,1588599000.0,Assets,2022-10-01,2023-11-16,0000056978-23-000172
KLIC,2023,BS,total_assets,1499777000.0,Assets,2023-09-30,2024-11-14,0000056978-24-000148
KLIC,2024,BS,total_assets,1240162000.0,Assets,2024-09-28,2025-11-20,0000056978-25-000081
KLIC,2025,BS,total_assets,1104342000.0,Assets,2025-10-04,2025-11-20,0000056978-25-000081
KLIC,2016,BS,total_equity,799524000.0,StockholdersEquity,2016-10-01,2019-11-15,0000056978-19-000130
KLIC,2017,BS,total_equity,920030000.0,StockholdersEquity,2017-09-30,2020-11-20,0000056978-20-000146
KLIC,2018,BS,total_equity,880207000.0,StockholdersEquity,2018-09-29,2021-11-18,0000056978-21-000153
KLIC,2019,BS,total_equity,769063000.0,StockholdersEquity,2019-09-28,2023-08-08,0000056978-23-000103
KLIC,2020,BS,total_equity,757994000.0,StockholdersEquity,2020-10-03,2023-11-16,0000056978-23-000172
KLIC,2021,BS,total_equity,1095237000.0,StockholdersEquity,2021-10-02,2024-11-14,0000056978-24-000148
KLIC,2022,BS,total_equity,1194650000.0,StockholdersEquity,2022-10-01,2025-11-20,0000056978-25-000081
KLIC,2023,BS,total_equity,1174561000.0,StockholdersEquity,2023-09-30,2025-11-20,0000056978-25-000081
KLIC,2024,BS,total_equity,944009000.0,StockholdersEquity,2024-09-28,2025-11-20,0000056978-25-000081
KLIC,2025,BS,total_equity,821491000.0,StockholdersEquity,2025-10-04,2025-11-20,0000056978-25-000081
KLIC,2016,BS,total_liabilities,182920000.0,Liabilities,2016-10-01,2018-05-31,0000056978-18-000053
KLIC,2017,BS,total_liabilities,251077000.0,Liabilities,2017-09-30,2018-11-20,0000056978-18-000142
KLIC,2018,BS,total_liabilities,305533000.0,Liabilities,2018-09-29,2019-11-15,0000056978-19-000130
KLIC,2019,BS,total_liabilities,310553000.0,Liabilities,2019-09-28,2020-11-20,0000056978-20-000146
KLIC,2020,BS,total_liabilities,296572000.0,Liabilities,2020-10-03,2021-11-18,0000056978-21-000153
KLIC,2021,BS,total_liabilities,506394000.0,Liabilities,2021-10-02,2023-08-08,0000056978-23-000103
KLIC,2022,BS,total_liabilities,393949000.0,Liabilities,2022-10-01,2023-11-16,0000056978-23-000172
KLIC,2023,BS,total_liabilities,325216000.0,Liabilities,2023-09-30,2024-11-14,0000056978-24-000148
KLIC,2024,BS,total_liabilities,296153000.0,Liabilities,2024-09-28,2025-11-20,0000056978-25-000081
KLIC,2025,BS,total_liabilities,282851000.0,Liabilities,2025-10-04,2025-11-20,0000056978-25-000081
KLIC,2016,CF,acquisitions,0.0,PaymentsToAcquireBusinessesNetOfCashAcquired,2016-10-01,2018-11-20,0000056978-18-000142
KLIC,2017,CF,acquisitions,27119000.0,PaymentsToAcquireBusinessesNetOfCashAcquired,2017-09-30,2019-11-15,0000056978-19-000130
KLIC,2018,CF,acquisitions,0.0,PaymentsToAcquireBusinessesNetOfCashAcquired,2018-09-29,2019-11-15,0000056978-19-000130
KLIC,2019,CF,acquisitions,0.0,PaymentsToAcquireBusinessesNetOfCashAcquired,2019-09-28,2021-11-18,0000056978-21-000153
KLIC,2020,CF,acquisitions,0.0,PaymentsToAcquireBusinessesNetOfCashAcquired,2020-10-03,2023-08-08,0000056978-23-000103
KLIC,2021,CF,acquisitions,26338000.0,PaymentsToAcquireBusinessesNetOfCashAcquired,2021-10-02,2023-11-16,0000056978-23-000172
KLIC,2022,CF,acquisitions,0.0,PaymentsToAcquireBusinessesNetOfCashAcquired,2022-10-01,2024-11-14,0000056978-24-000148
KLIC,2023,CF,acquisitions,36881000.0,PaymentsToAcquireBusinessesNetOfCashAcquired,2023-09-30,2024-11-14,0000056978-24-000148
KLIC,2024,CF,acquisitions,0.0,PaymentsToAcquireBusinessesNetOfCashAcquired,2024-09-28,2024-11-14,0000056978-24-000148
KLIC,2016,CF,buybacks,14551000.0,PaymentsForRepurchaseOfCommonStock,2016-10-01,2018-11-20,0000056978-18-000142
KLIC,2017,CF,buybacks,18197000.0,PaymentsForRepurchaseOfCommonStock,2017-09-30,2019-11-15,0000056978-19-000130
KLIC,2018,CF,buybacks,90310000.0,PaymentsForRepurchaseOfCommonStock,2018-09-29,2020-11-20,0000056978-20-000146
KLIC,2019,CF,buybacks,99897000.0,PaymentsForRepurchaseOfCommonStock,2019-09-28,2021-11-18,0000056978-21-000153
KLIC,2020,CF,buybacks,54549000.0,PaymentsForRepurchaseOfCommonStock,2020-10-03,2023-08-08,0000056978-23-000103
KLIC,2021,CF,buybacks,10426000.0,PaymentsForRepurchaseOfCommonStock,2021-10-02,2023-11-16,0000056978-23-000172
KLIC,2022,CF,buybacks,281319000.0,PaymentsForRepurchaseOfCommonStock,2022-10-01,2024-11-14,0000056978-24-000148
KLIC,2023,CF,buybacks,69210000.0,PaymentsForRepurchaseOfCommonStock,2023-09-30,2025-11-20,0000056978-25-000081
KLIC,2024,CF,buybacks,150791000.0,PaymentsForRepurchaseOfCommonStock,2024-09-28,2025-11-20,0000056978-25-000081
KLIC,2025,CF,buybacks,97105000.0,PaymentsForRepurchaseOfCommonStock,2025-10-04,2025-11-20,0000056978-25-000081
KLIC,2016,CF,capex,6218000.0,PaymentsToAcquirePropertyPlantAndEquipment,2016-10-01,2018-11-20,0000056978-18-000142
KLIC,2017,CF,capex,25590000.0,PaymentsToAcquirePropertyPlantAndEquipment,2017-09-30,2019-11-15,0000056978-19-000130
KLIC,2018,CF,capex,20496000.0,PaymentsToAcquirePropertyPlantAndEquipment,2018-09-29,2020-11-20,0000056978-20-000146
KLIC,2019,CF,capex,11742000.0,PaymentsToAcquirePropertyPlantAndEquipment,2019-09-28,2021-11-18,0000056978-21-000153
KLIC,2020,CF,capex,11719000.0,PaymentsToAcquirePropertyPlantAndEquipment,2020-10-03,2023-08-08,0000056978-23-000103
KLIC,2021,CF,capex,22775000.0,PaymentsToAcquirePropertyPlantAndEquipment,2021-10-02,2023-11-16,0000056978-23-000172
KLIC,2022,CF,capex,22985000.0,PaymentsToAcquirePropertyPlantAndEquipment,2022-10-01,2024-11-14,0000056978-24-000148
KLIC,2023,CF,capex,44406000.0,PaymentsToAcquirePropertyPlantAndEquipment,2023-09-30,2025-11-20,0000056978-25-000081
KLIC,2024,CF,capex,16148000.0,PaymentsToAcquirePropertyPlantAndEquipment,2024-09-28,2025-11-20,0000056978-25-000081
KLIC,2025,CF,capex,17203000.0,PaymentsToAcquirePropertyPlantAndEquipment,2025-10-04,2025-11-20,0000056978-25-000081
KLIC,2016,CF,depreciation,9569000.0,Depreciation,2016-10-01,2018-11-20,0000056978-18-000142
KLIC,2017,CF,depreciation,9703000.0,Depreciation,2017-09-30,2019-11-15,0000056978-19-000130
KLIC,2018,CF,depreciation,11189000.0,Depreciation,2018-09-29,2020-11-20,0000056978-20-000146
KLIC,2019,CF,depreciation,12892000.0,Depreciation,2019-09-28,2021-11-18,0000056978-21-000153
KLIC,2020,CF,depreciation,12368000.0,Depreciation,2020-10-03,2023-08-08,0000056978-23-000103
KLIC,2021,CF,depreciation,13836000.0,Depreciation,2021-10-02,2023-11-16,0000056978-23-000172
KLIC,2022,CF,depreciation,16376000.0,Depreciation,2022-10-01,2024-11-14,0000056978-24-000148
KLIC,2023,CF,depreciation,22758000.0,Depreciation,2023-09-30,2025-11-20,0000056978-25-000081
KLIC,2024,CF,depreciation,19547000.0,Depreciation,2024-09-28,2025-11-20,0000056978-25-000081
KLIC,2025,CF,depreciation,14941000.0,Depreciation,2025-10-04,2025-11-20,0000056978-25-000081
KLIC,2016,CF,operating_cash_flow,68407000.0,NetCashProvidedByUsedInOperatingActivities,2016-10-01,2018-11-20,0000056978-18-000142
KLIC,2017,CF,operating_cash_flow,136310000.0,NetCashProvidedByUsedInOperatingActivities,2017-09-30,2019-11-15,0000056978-19-000130
KLIC,2018,CF,operating_cash_flow,123499000.0,NetCashProvidedByUsedInOperatingActivities,2018-09-29,2020-11-20,0000056978-20-000146
KLIC,2019,CF,operating_cash_flow,65967000.0,NetCashProvidedByUsedInOperatingActivities,2019-09-28,2021-11-18,0000056978-21-000153
KLIC,2020,CF,operating_cash_flow,94412000.0,NetCashProvidedByUsedInOperatingActivities,2020-10-03,2023-08-08,0000056978-23-000103
KLIC,2021,CF,operating_cash_flow,300032000.0,NetCashProvidedByUsedInOperatingActivities,2021-10-02,2023-11-16,0000056978-23-000172
KLIC,2022,CF,operating_cash_flow,390188000.0,NetCashProvidedByUsedInOperatingActivities,2022-10-01,2024-11-14,0000056978-24-000148
KLIC,2023,CF,operating_cash_flow,173404000.0,NetCashProvidedByUsedInOperatingActivities,2023-09-30,2025-11-20,0000056978-25-000081
KLIC,2024,CF,operating_cash_flow,31037000.0,NetCashProvidedByUsedInOperatingActivities,2024-09-28,2025-11-20,0000056978-25-000081
KLIC,2025,CF,operating_cash_flow,113565000.0,NetCashProvidedByUsedInOperatingActivities,2025-10-04,2025-11-20,0000056978-25-000081
KLIC,2016,CF,stock_comp,5730000.0,AllocatedShareBasedCompensationExpense,2016-10-01,2018-11-20,0000056978-18-000142
KLIC,2017,CF,stock_comp,11722000.0,AllocatedShareBasedCompensationExpense,2017-09-30,2019-11-15,0000056978-19-000130
KLIC,2018,CF,stock_comp,11685000.0,AllocatedShareBasedCompensationExpense,2018-09-29,2020-11-20,0000056978-20-000146
KLIC,2019,CF,stock_comp,14332000.0,AllocatedShareBasedCompensationExpense,2019-09-28,2021-11-18,0000056978-21-000153
KLIC,2020,CF,stock_comp,15019000.0,AllocatedShareBasedCompensationExpense,2020-10-03,2023-08-08,0000056978-23-000103
KLIC,2021,CF,stock_comp,15502000.0,AllocatedShareBasedCompensationExpense,2021-10-02,2023-11-16,0000056978-23-000172
KLIC,2022,CF,stock_comp,18986000.0,AllocatedShareBasedCompensationExpense,2022-10-01,2024-11-14,0000056978-24-000148
KLIC,2023,CF,stock_comp,22744000.0,ShareBasedCompensation,2023-09-30,2025-11-20,0000056978-25-000081
KLIC,2024,CF,stock_comp,26891000.0,ShareBasedCompensation,2024-09-28,2025-11-20,0000056978-25-000081
KLIC,2025,CF,stock_comp,28526000.0,ShareBasedCompensation,2025-10-04,2025-11-20,0000056978-25-000081
KLIC,2016,IS,cost_of_revenue,346156000.0,CostOfGoodsAndServicesSold,2016-10-01,2018-11-20,0000056978-18-000142
KLIC,2017,IS,cost_of_revenue,426947000.0,CostOfGoodsAndServicesSold,2017-09-30,2019-11-15,0000056978-19-000130
KLIC,2018,IS,cost_of_revenue,479680000.0,CostOfGoodsAndServicesSold,2018-09-29,2020-11-20,0000056978-20-000146
KLIC,2019,IS,cost_of_revenue,285462000.0,CostOfGoodsAndServicesSold,2019-09-28,2021-11-18,0000056978-21-000153
KLIC,2020,IS,cost_of_revenue,325201000.0,CostOfGoodsAndServicesSold,2020-10-03,2023-08-08,0000056978-23-000103
KLIC,2021,IS,cost_of_revenue,820678000.0,CostOfGoodsAndServicesSold,2021-10-02,2023-11-16,0000056978-23-000172
KLIC,2022,IS,cost_of_revenue,755300000.0,CostOfGoodsAndServicesSold,2022-10-01,2024-11-14,0000056978-24-000148
KLIC,2023,IS,cost_of_revenue,383836000.0,CostOfGoodsAndServicesSold,2023-09-30,2025-11-20,0000056978-25-000081
KLIC,2024,IS,cost_of_revenue,437478000.0,CostOfGoodsAndServicesSold,2024-09-28,2025-11-20,0000056978-25-000081
KLIC,2025,IS,cost_of_revenue,376160000.0,CostOfGoodsAndServicesSold,2025-10-04,2025-11-20,0000056978-25-000081
KLIC,2016,IS,eps_diluted,0.68,EarningsPerShareDiluted,2016-10-01,2018-11-20,0000056978-18-000142
KLIC,2017,IS,eps_diluted,1.75,EarningsPerShareDiluted,2017-09-30,2019-11-15,0000056978-19-000130
KLIC,2018,IS,eps_diluted,0.8,EarningsPerShareDiluted,2018-09-29,2020-11-20,0000056978-20-000146
KLIC,2019,IS,eps_diluted,0.18,EarningsPerShareDiluted,2019-09-28,2021-11-18,0000056978-21-000153
KLIC,2020,IS,eps_diluted,0.83,EarningsPerShareDiluted,2020-10-03,2023-08-08,0000056978-23-000103
KLIC,2021,IS,eps_diluted,5.78,EarningsPerShareDiluted,2021-10-02,2023-11-16,0000056978-23-000172
KLIC,2022,IS,eps_diluted,7.09,EarningsPerShareDiluted,2022-10-01,2024-11-14,0000056978-24-000148
KLIC,2023,IS,eps_diluted,0.99,EarningsPerShareDiluted,2023-09-30,2025-11-20,0000056978-25-000081
KLIC,2024,IS,eps_diluted,-1.24,EarningsPerShareDiluted,2024-09-28,2025-11-20,0000056978-25-000081
KLIC,2025,IS,eps_diluted,0.004,EarningsPerShareDiluted,2025-10-04,2025-11-20,0000056978-25-000081
KLIC,2016,IS,gross_profit,281036000.0,GrossProfit,2016-10-01,2018-11-20,0000056978-18-000142
KLIC,2017,IS,gross_profit,382094000.0,GrossProfit,2017-09-30,2019-11-15,0000056978-19-000130
KLIC,2018,IS,gross_profit,409441000.0,GrossProfit,2018-09-29,2020-11-20,0000056978-20-000146
KLIC,2019,IS,gross_profit,254590000.0,GrossProfit,2019-09-28,2021-11-18,0000056978-21-000153
KLIC,2020,IS,gross_profit,297975000.0,GrossProfit,2020-10-03,2023-08-08,0000056978-23-000103
KLIC,2021,IS,gross_profit,696986000.0,GrossProfit,2021-10-02,2023-11-16,0000056978-23-000172
KLIC,2022,IS,gross_profit,748320000.0,GrossProfit,2022-10-01,2024-11-14,0000056978-24-000148
KLIC,2023,IS,gross_profit,358655000.0,GrossProfit,2023-09-30,2025-11-20,0000056978-25-000081
KLIC,2024,IS,gross_profit,268754000.0,GrossProfit,2024-09-28,2025-11-20,0000056978-25-000081
KLIC,2025,IS,gross_profit,277921000.0,GrossProfit,2025-10-04,2025-11-20,0000056978-25-000081
KLIC,2016,IS,income_tax,7709000.0,IncomeTaxExpenseBenefit,2016-10-01,2018-11-20,0000056978-18-000142
KLIC,2017,IS,income_tax,-7394000.0,IncomeTaxExpenseBenefit,2017-09-30,2019-11-15,0000056978-19-000130
KLIC,2018,IS,income_tax,120744000.0,IncomeTaxExpenseBenefit,2018-09-29,2020-11-20,0000056978-20-000146
KLIC,2019,IS,income_tax,22910000.0,IncomeTaxExpenseBenefit,2019-09-28,2021-11-18,0000056978-21-000153
KLIC,2020,IS,income_tax,11998000.0,IncomeTaxExpenseBenefit,2020-10-03,2023-08-08,0000056978-23-000103
KLIC,2021,IS,income_tax,47295000.0,IncomeTaxExpenseBenefit,2021-10-02,2023-11-16,0000056978-23-000172
KLIC,2022,IS,income_tax,43443000.0,IncomeTaxExpenseBenefit,2022-10-01,2024-11-14,0000056978-24-000148
KLIC,2023,IS,income_tax,15053000.0,IncomeTaxExpenseBenefit,2023-09-30,2025-11-20,0000056978-25-000081
KLIC,2024,IS,income_tax,10651000.0,IncomeTaxExpenseBenefit,2024-09-28,2025-11-20,0000056978-25-000081
KLIC,2025,IS,income_tax,20263000.0,IncomeTaxExpenseBenefit,2025-10-04,2025-11-20,0000056978-25-000081
KLIC,2016,IS,net_income,48455000.0,NetIncomeLoss,2016-10-01,2018-11-20,0000056978-18-000142
KLIC,2017,IS,net_income,126099000.0,NetIncomeLoss,2017-09-30,2019-11-15,0000056978-19-000130
KLIC,2018,IS,net_income,56676000.0,NetIncomeLoss,2018-09-29,2020-11-20,0000056978-20-000146
KLIC,2019,IS,net_income,11653000.0,NetIncomeLoss,2019-09-28,2021-11-18,0000056978-21-000153
KLIC,2020,IS,net_income,52300000.0,NetIncomeLoss,2020-10-03,2023-08-08,0000056978-23-000103
KLIC,2021,IS,net_income,367161000.0,NetIncomeLoss,2021-10-02,2023-11-16,0000056978-23-000172
KLIC,2022,IS,net_income,433545000.0,NetIncomeLoss,2022-10-01,2024-11-14,0000056978-24-000148
KLIC,2023,IS,net_income,57148000.0,NetIncomeLoss,2023-09-30,2025-11-20,0000056978-25-000081
KLIC,2024,IS,net_income,-69006000.0,NetIncomeLoss,2024-09-28,2025-11-20,0000056978-25-000081
KLIC,2025,IS,net_income,213000.0,NetIncomeLoss,2025-10-04,2025-11-20,0000056978-25-000081
KLIC,2016,IS,operating_income,53953000.0,OperatingIncomeLoss,2016-10-01,2018-11-20,0000056978-18-000142
KLIC,2017,IS,operating_income,113083000.0,OperatingIncomeLoss,2017-09-30,2019-11-15,0000056978-19-000130
KLIC,2018,IS,operating_income,166632000.0,OperatingIncomeLoss,2018-09-29,2020-11-20,0000056978-20-000146
KLIC,2019,IS,operating_income,21610000.0,OperatingIncomeLoss,2019-09-28,2021-11-18,0000056978-21-000153
KLIC,2020,IS,operating_income,58509000.0,OperatingIncomeLoss,2020-10-03,2023-08-08,0000056978-23-000103
KLIC,2021,IS,operating_income,412447000.0,OperatingIncomeLoss,2021-10-02,2023-11-16,0000056978-23-000172
KLIC,2022,IS,operating_income,470072000.0,OperatingIncomeLoss,2022-10-01,2024-11-14,0000056978-24-000148
KLIC,2023,IS,operating_income,39437000.0,OperatingIncomeLoss,2023-09-30,2025-11-20,0000056978-25-000081
KLIC,2024,IS,operating_income,-92496000.0,OperatingIncomeLoss,2024-09-28,2025-11-20,0000056978-25-000081
KLIC,2025,IS,operating_income,-3224000.0,OperatingIncomeLoss,2025-10-04,2025-11-20,0000056978-25-000081
KLIC,2016,IS,rd_expense,92374000.0,ResearchAndDevelopmentExpense,2016-10-01,2018-11-20,0000056978-18-000142
KLIC,2017,IS,rd_expense,100203000.0,ResearchAndDevelopmentExpense,2017-09-30,2019-11-15,0000056978-19-000130
KLIC,2018,IS,rd_expense,119621000.0,ResearchAndDevelopmentExpense,2018-09-29,2020-11-20,0000056978-20-000146
KLIC,2019,IS,rd_expense,116169000.0,ResearchAndDevelopmentExpense,2019-09-28,2021-11-18,0000056978-21-000153
KLIC,2020,IS,rd_expense,123459000.0,ResearchAndDevelopmentExpense,2020-10-03,2023-08-08,0000056978-23-000103
KLIC,2021,IS,rd_expense,137478000.0,ResearchAndDevelopmentExpense,2021-10-02,2023-11-16,0000056978-23-000172
KLIC,2022,IS,rd_expense,136852000.0,ResearchAndDevelopmentExpense,2022-10-01,2024-11-14,0000056978-24-000148
KLIC,2023,IS,rd_expense,144701000.0,ResearchAndDevelopmentExpense,2023-09-30,2025-11-20,0000056978-25-000081
KLIC,2024,IS,rd_expense,151214000.0,ResearchAndDevelopmentExpense,2024-09-28,2025-11-20,0000056978-25-000081
KLIC,2025,IS,rd_expense,149616000.0,ResearchAndDevelopmentExpense,2025-10-04,2025-11-20,0000056978-25-000081
KLIC,2016,IS,revenue,627192000.0,SalesRevenueNet,2016-10-01,2018-11-20,0000056978-18-000142
KLIC,2017,IS,revenue,809041000.0,Revenues,2017-09-30,2019-11-15,0000056978-19-000130
KLIC,2018,IS,revenue,889121000.0,Revenues,2018-09-29,2020-11-20,0000056978-20-000146
KLIC,2019,IS,revenue,540052000.0,Revenues,2019-09-28,2021-11-18,0000056978-21-000153
KLIC,2020,IS,revenue,623176000.0,Revenues,2020-10-03,2023-08-08,0000056978-23-000103
KLIC,2021,IS,revenue,1517664000.0,Revenues,2021-10-02,2023-11-16,0000056978-23-000172
KLIC,2022,IS,revenue,1503620000.0,Revenues,2022-10-01,2024-11-14,0000056978-24-000148
KLIC,2023,IS,revenue,742491000.0,Revenues,2023-09-30,2025-11-20,0000056978-25-000081
KLIC,2024,IS,revenue,706232000.0,Revenues,2024-09-28,2025-11-20,0000056978-25-000081
KLIC,2025,IS,revenue,654081000.0,Revenues,2025-10-04,2025-11-20,0000056978-25-000081
KLIC,2016,IS,sga_expense,134709000.0,SellingGeneralAndAdministrativeExpense,2016-10-01,2018-11-20,0000056978-18-000142
KLIC,2017,IS,sga_expense,133601000.0,SellingGeneralAndAdministrativeExpense,2017-09-30,2019-11-15,0000056978-19-000130
KLIC,2018,IS,sga_expense,123188000.0,SellingGeneralAndAdministrativeExpense,2018-09-29,2020-11-20,0000056978-20-000146
KLIC,2019,IS,sga_expense,116811000.0,SellingGeneralAndAdministrativeExpense,2019-09-28,2021-11-18,0000056978-21-000153
KLIC,2020,IS,sga_expense,116007000.0,SellingGeneralAndAdministrativeExpense,2020-10-03,2023-08-08,0000056978-23-000103
KLIC,2021,IS,sga_expense,147061000.0,SellingGeneralAndAdministrativeExpense,2021-10-02,2023-11-16,0000056978-23-000172
KLIC,2022,IS,sga_expense,140050000.0,SellingGeneralAndAdministrativeExpense,2022-10-01,2024-11-14,0000056978-24-000148
KLIC,2023,IS,sga_expense,152982000.0,SellingGeneralAndAdministrativeExpense,2023-09-30,2025-11-20,0000056978-25-000081
KLIC,2024,IS,sga_expense,165564000.0,SellingGeneralAndAdministrativeExpense,2024-09-28,2025-11-20,0000056978-25-000081
KLIC,2025,IS,sga_expense,167699000.0,SellingGeneralAndAdministrativeExpense,2025-10-04,2025-11-20,0000056978-25-000081
KLIC,2016,IS,shares_diluted,70841000.0,WeightedAverageNumberOfDilutedSharesOutstanding,2016-10-01,2018-11-20,0000056978-18-000142
KLIC,2017,IS,shares_diluted,72063000.0,WeightedAverageNumberOfDilutedSharesOutstanding,2017-09-30,2019-11-15,0000056978-19-000130
KLIC,2018,IS,shares_diluted,70419000.0,WeightedAverageNumberOfDilutedSharesOutstanding,2018-09-29,2020-11-20,0000056978-20-000146
KLIC,2019,IS,shares_diluted,65948000.0,WeightedAverageNumberOfDilutedSharesOutstanding,2019-09-28,2021-11-18,0000056978-21-000153
KLIC,2020,IS,shares_diluted,63359000.0,WeightedAverageNumberOfDilutedSharesOutstanding,2020-10-03,2023-08-08,0000056978-23-000103
KLIC,2021,IS,shares_diluted,63515000.0,WeightedAverageNumberOfDilutedSharesOutstanding,2021-10-02,2023-11-16,0000056978-23-000172
KLIC,2022,IS,shares_diluted,61182000.0,WeightedAverageNumberOfDilutedSharesOutstanding,2022-10-01,2024-11-14,0000056978-24-000148
KLIC,2023,IS,shares_diluted,57548000.0,WeightedAverageNumberOfDilutedSharesOutstanding,2023-09-30,2025-11-20,0000056978-25-000081
KLIC,2024,IS,shares_diluted,55613000.0,WeightedAverageNumberOfDilutedSharesOutstanding,2024-09-28,2025-11-20,0000056978-25-000081
KLIC,2025,IS,shares_diluted,53193000.0,WeightedAverageNumberOfDilutedSharesOutstanding,2025-10-04,2025-11-20,0000056978-25-000081
